"","Antibiotic.x","Class","ATC.code","Category","Listed.on.EML.2019","Antibiotic.y","Supplementary.Info","Strength","X","Dosage.Form","X.1","Route.of.Admin","X.2","X.3","WHO.Status","X.4","DDD","X.5","DDD.Unit","X.6","ATC.Code","Buyer.Median..US..","Supplier.Median..US..","X.7","X.8","Comparison.Unit","fuzzy.no"
"1","Amikacin","Aminoglycosides","J01GB06","Access","Yes","Amikacin Sulfate","","250 mg/ml",NA,"VIAL",NA,"INJ","","","P",NA,1,NA,"g",NA,"J01GB06",0.173,0.629,"","","ML",0.166666666666667
"2","Amikacin","Aminoglycosides","J01GB06","Access","Yes","Amikacin Sulfate","","50 mg/ml",NA,"AMPOULE",NA,"INJ","","","P",NA,1,NA,"g",NA,"J01GB06",0.1399,NA,"","","ML",0.166666666666667
"10","Amoxicillin","Penicillins ","J01CA04","Access","Yes","Amoxicillin/Clavulanic Acid","","1000/200 mg",NA,"VIAL",NA,"INJ","","","P",NA,1,NA,"g",NA,"J01CR02",1.454,5.4,"","","VIAL",0.197530864197531
"11","Amoxicillin","Penicillins ","J01CA04","Access","Yes","Amoxicillin/Clavulanic Acid","","125/31.25 mg/5ml",NA,"SUSPEN",NA,"PO","","","P",NA,1,NA,"g",NA,"J01CR02",0.0113,0.0203,"","","ML",0.197530864197531
"12","Amoxicillin","Penicillins ","J01CA04","Access","Yes","Amoxicillin/Clavulanic Acid","","250/62.5 mg/5ml",NA,"SUSPEN",NA,"PO","","","P",NA,1,NA,"g",NA,"J01CR02",0.0253,0.0521,"","","ML",0.197530864197531
"13","Amoxicillin","Penicillins ","J01CA04","Access","Yes","Amoxicillin/Clavulanic Acid","","250mg/125mg",NA,"TAB-CAP",NA,"PO","","","P",NA,1,NA,"g",NA,"J01CR02",0.098,0.1476,"","","TAB-CAP",0.197530864197531
"14","Amoxicillin","Penicillins ","J01CA04","Access","Yes","Amoxicillin/Clavulanic Acid","","500mg/100mg",NA,"VIAL",NA,"INJ","","","P",NA,1,NA,"g",NA,"J01CR02",1.56,NA,"","","VIAL",0.197530864197531
"15","Amoxicillin","Penicillins ","J01CA04","Access","Yes","Amoxicillin/Clavulanic Acid","","500mg/125mg",NA,"TAB-CAP",NA,"PO","","","E",NA,1,NA,"g",NA,"J01CR02",0.117,0.1641,"","","TAB-CAP",0.197530864197531
"16","Amoxicillin","Penicillins ","J01CA04","Access","Yes","Amoxicillin/Clavulanic Acid","","875mg/125mg",NA,"TAB-CAP",NA,"PO","","","P",NA,1,NA,"g",NA,"J01CR02",0.1785,0.1575,"","","TAB-CAP",0.197530864197531
"17","Amoxicillin","Penicillins ","J01CA04","Access","Yes","Ampicillin","","1 g",NA,"VIAL",NA,"INJ","","","E",NA,2,NA,"g",NA,"J01CA01",0.1903,0.169,"","","VIAL",0.093939393939394
"18","Amoxicillin","Penicillins ","J01CA04","Access","Yes","Ampicillin","","10 mcg",NA,"DISC",NA,"DIAG","","","N",NA,NA,NA,"",NA,"V07AR",NA,0.1512,"","","EACH",0.093939393939394
"19","Amoxicillin","Penicillins ","J01CA04","Access","Yes","Ampicillin","","125 mg/5 ml",NA,"SUSPEN",NA,"PO","","","P",NA,2,NA,"g",NA,"J01CA01",NA,0.005,"","","ML",0.093939393939394
"20","Amoxicillin","Penicillins ","J01CA04","Access","Yes","Ampicillin","","250 mg",NA,"VIAL",NA,"INJ","","","P",NA,2,NA,"g",NA,"J01CA01",0.469,0.12,"","","VIAL",0.093939393939394
"21","Amoxicillin","Penicillins ","J01CA04","Access","Yes","Ampicillin","","250 mg",NA,"TAB-CAP",NA,"PO","","","P",NA,2,NA,"g",NA,"J01CA01",NA,0.0163,"","","TAB-CAP",0.093939393939394
"22","Amoxicillin","Penicillins ","J01CA04","Access","Yes","Ampicillin","","500 mg",NA,"VIAL",NA,"INJ","","","E",NA,2,NA,"g",NA,"J01CA01",0.3696,0.1507,"","","VIAL",0.093939393939394
"23","Amoxicillin","Penicillins ","J01CA04","Access","Yes","Ampicillin","","500 mg",NA,"TAB-CAP",NA,"PO","","","P",NA,2,NA,"g",NA,"J01CA01",0.0264,0.035,"","","TAB-CAP",0.093939393939394
"24","Amoxicillin/clavulanic Acid","Beta lactam - beta lactamase inhibitor","J01CR02","Access","Yes","Amoxicillin","Dispersible","125 MG",NA,"TAB-CAP",NA,"PO","","","EP",NA,1,NA,"G",NA,"J01CA04",NA,0.0203,"","","TAB-CAP",0.197530864197531
"25","Amoxicillin/clavulanic Acid","Beta lactam - beta lactamase inhibitor","J01CR02","Access","Yes","Amoxicillin","","125 mg/5 ml",NA,"SUSPEN",NA,"PO","","","E",NA,1,NA,"g",NA,"J01CA04",0.0094,0.0046,"","","ML",0.197530864197531
"26","Amoxicillin/clavulanic Acid","Beta lactam - beta lactamase inhibitor","J01CR02","Access","Yes","Amoxicillin","dispersible","250 mg",NA,"TAB-CAP",NA,"PO","","","EP",NA,1,NA,"g",NA,"J01CA04",0.0175,0.0315,"","","TAB-CAP",0.197530864197531
"27","Amoxicillin/clavulanic Acid","Beta lactam - beta lactamase inhibitor","J01CR02","Access","Yes","Amoxicillin","","250 mg",NA,"TAB-CAP",NA,"PO","","","E",NA,1,NA,"g",NA,"J01CA04",0.0227,0.016,"","","TAB-CAP",0.197530864197531
"28","Amoxicillin/clavulanic Acid","Beta lactam - beta lactamase inhibitor","J01CR02","Access","Yes","Amoxicillin","","250 mg/5 ml",NA,"SUSPEN",NA,"PO","","","P",NA,1,NA,"g",NA,"J01CA04",0.0078,0.007,"","","ML",0.197530864197531
"29","Amoxicillin/clavulanic Acid","Beta lactam - beta lactamase inhibitor","J01CR02","Access","Yes","Amoxicillin","dispersible","500 mg",NA,"TAB-CAP",NA,"PO","","","EP",NA,1,NA,"g",NA,"J01CA04",NA,0.046,"","","TAB-CAP",0.197530864197531
"30","Amoxicillin/clavulanic Acid","Beta lactam - beta lactamase inhibitor","J01CR02","Access","Yes","Amoxicillin","","500 mg",NA,"TAB-CAP",NA,"PO","","","E",NA,1,NA,"g",NA,"J01CA04",0.0299,0.03,"","","TAB-CAP",0.197530864197531
"31","Amoxicillin/clavulanic Acid","Beta lactam - beta lactamase inhibitor","J01CR02","Access","Yes","Amoxicillin/Clavulanic Acid","","1000/200 mg",NA,"VIAL",NA,"INJ","","","P",NA,1,NA,"g",NA,"J01CR02",1.454,5.4,"","","VIAL",0.101614434947768
"32","Amoxicillin/clavulanic Acid","Beta lactam - beta lactamase inhibitor","J01CR02","Access","Yes","Amoxicillin/Clavulanic Acid","","125/31.25 mg/5ml",NA,"SUSPEN",NA,"PO","","","P",NA,1,NA,"g",NA,"J01CR02",0.0113,0.0203,"","","ML",0.101614434947768
"33","Amoxicillin/clavulanic Acid","Beta lactam - beta lactamase inhibitor","J01CR02","Access","Yes","Amoxicillin/Clavulanic Acid","","250/62.5 mg/5ml",NA,"SUSPEN",NA,"PO","","","P",NA,1,NA,"g",NA,"J01CR02",0.0253,0.0521,"","","ML",0.101614434947768
"34","Amoxicillin/clavulanic Acid","Beta lactam - beta lactamase inhibitor","J01CR02","Access","Yes","Amoxicillin/Clavulanic Acid","","250mg/125mg",NA,"TAB-CAP",NA,"PO","","","P",NA,1,NA,"g",NA,"J01CR02",0.098,0.1476,"","","TAB-CAP",0.101614434947768
"35","Amoxicillin/clavulanic Acid","Beta lactam - beta lactamase inhibitor","J01CR02","Access","Yes","Amoxicillin/Clavulanic Acid","","500mg/100mg",NA,"VIAL",NA,"INJ","","","P",NA,1,NA,"g",NA,"J01CR02",1.56,NA,"","","VIAL",0.101614434947768
"36","Amoxicillin/clavulanic Acid","Beta lactam - beta lactamase inhibitor","J01CR02","Access","Yes","Amoxicillin/Clavulanic Acid","","500mg/125mg",NA,"TAB-CAP",NA,"PO","","","E",NA,1,NA,"g",NA,"J01CR02",0.117,0.1641,"","","TAB-CAP",0.101614434947768
"37","Amoxicillin/clavulanic Acid","Beta lactam - beta lactamase inhibitor","J01CR02","Access","Yes","Amoxicillin/Clavulanic Acid","","875mg/125mg",NA,"TAB-CAP",NA,"PO","","","P",NA,1,NA,"g",NA,"J01CR02",0.1785,0.1575,"","","TAB-CAP",0.101614434947768
"38","Ampicillin","Penicillins ","J01CA01 ","Access","Yes","Amoxicillin","Dispersible","125 MG",NA,"TAB-CAP",NA,"PO","","","EP",NA,1,NA,"G",NA,"J01CA04",NA,0.0203,"","","TAB-CAP",0.093939393939394
"39","Ampicillin","Penicillins ","J01CA01 ","Access","Yes","Amoxicillin","","125 mg/5 ml",NA,"SUSPEN",NA,"PO","","","E",NA,1,NA,"g",NA,"J01CA04",0.0094,0.0046,"","","ML",0.093939393939394
"40","Ampicillin","Penicillins ","J01CA01 ","Access","Yes","Amoxicillin","dispersible","250 mg",NA,"TAB-CAP",NA,"PO","","","EP",NA,1,NA,"g",NA,"J01CA04",0.0175,0.0315,"","","TAB-CAP",0.093939393939394
"41","Ampicillin","Penicillins ","J01CA01 ","Access","Yes","Amoxicillin","","250 mg",NA,"TAB-CAP",NA,"PO","","","E",NA,1,NA,"g",NA,"J01CA04",0.0227,0.016,"","","TAB-CAP",0.093939393939394
"42","Ampicillin","Penicillins ","J01CA01 ","Access","Yes","Amoxicillin","","250 mg/5 ml",NA,"SUSPEN",NA,"PO","","","P",NA,1,NA,"g",NA,"J01CA04",0.0078,0.007,"","","ML",0.093939393939394
"43","Ampicillin","Penicillins ","J01CA01 ","Access","Yes","Amoxicillin","dispersible","500 mg",NA,"TAB-CAP",NA,"PO","","","EP",NA,1,NA,"g",NA,"J01CA04",NA,0.046,"","","TAB-CAP",0.093939393939394
"44","Ampicillin","Penicillins ","J01CA01 ","Access","Yes","Amoxicillin","","500 mg",NA,"TAB-CAP",NA,"PO","","","E",NA,1,NA,"g",NA,"J01CA04",0.0299,0.03,"","","TAB-CAP",0.093939393939394
"52","Ampicillin","Penicillins ","J01CA01 ","Access","Yes","Ampicillin/Sulbactam","","1000mg/500mg",NA,"VIAL",NA,"INJ","","","N",NA,2,NA,"g",NA,"J01CR01",0.55,NA,"","","VIAL",0.166666666666667
"53","Ampicillin/sulbactam","Beta lactam - beta lactamase inhibitor","J01CR01","Access","No","Ampicillin","","1 g",NA,"VIAL",NA,"INJ","","","E",NA,2,NA,"g",NA,"J01CA01",0.1903,0.169,"","","VIAL",0.166666666666667
"54","Ampicillin/sulbactam","Beta lactam - beta lactamase inhibitor","J01CR01","Access","No","Ampicillin","","10 mcg",NA,"DISC",NA,"DIAG","","","N",NA,NA,NA,"",NA,"V07AR",NA,0.1512,"","","EACH",0.166666666666667
"55","Ampicillin/sulbactam","Beta lactam - beta lactamase inhibitor","J01CR01","Access","No","Ampicillin","","125 mg/5 ml",NA,"SUSPEN",NA,"PO","","","P",NA,2,NA,"g",NA,"J01CA01",NA,0.005,"","","ML",0.166666666666667
"56","Ampicillin/sulbactam","Beta lactam - beta lactamase inhibitor","J01CR01","Access","No","Ampicillin","","250 mg",NA,"VIAL",NA,"INJ","","","P",NA,2,NA,"g",NA,"J01CA01",0.469,0.12,"","","VIAL",0.166666666666667
"57","Ampicillin/sulbactam","Beta lactam - beta lactamase inhibitor","J01CR01","Access","No","Ampicillin","","250 mg",NA,"TAB-CAP",NA,"PO","","","P",NA,2,NA,"g",NA,"J01CA01",NA,0.0163,"","","TAB-CAP",0.166666666666667
"58","Ampicillin/sulbactam","Beta lactam - beta lactamase inhibitor","J01CR01","Access","No","Ampicillin","","500 mg",NA,"VIAL",NA,"INJ","","","E",NA,2,NA,"g",NA,"J01CA01",0.3696,0.1507,"","","VIAL",0.166666666666667
"59","Ampicillin/sulbactam","Beta lactam - beta lactamase inhibitor","J01CR01","Access","No","Ampicillin","","500 mg",NA,"TAB-CAP",NA,"PO","","","P",NA,2,NA,"g",NA,"J01CA01",0.0264,0.035,"","","TAB-CAP",0.166666666666667
"60","Ampicillin/sulbactam","Beta lactam - beta lactamase inhibitor","J01CR01","Access","No","Ampicillin/Sulbactam","","1000mg/500mg",NA,"VIAL",NA,"INJ","","","N",NA,2,NA,"g",NA,"J01CR01",0.55,NA,"","","VIAL",0.0333333333333334
"64","Azithromycin","Macrolides","J01FA10","Watch","Yes","Mitomycin","","5 mg",NA,"VIAL",NA,"INJ","","","N",NA,NA,NA,"",NA,"L01DC03",25,NA,"","","VIAL",0.148148148148148
"65","Azlocillin","Penicillins ","J01CA09","Watch","No","Cloxacillin","","5 mcg",NA,"DISC",NA,"DIAG","","","N",NA,NA,NA,"",NA,"V07AR",NA,0.0598,"","","EACH",0.157575757575758
"66","Biapenem","Carbapenems","J01DH05","Watch","No","Imipenem","","11 mcg",NA,"DISC",NA,"DIAG","","","N",NA,NA,NA,"",NA,"V07AR",0.0173,NA,"","","EACH",0.166666666666667
"67","Carbenicillin","Carboxypenicillins","J01CA03","Watch","No","Penicillin G","","10 units",NA,"DISC",NA,"DIAG","","","N",NA,NA,NA,"",NA,"V07AR",0.0173,0.0909,"","","EACH",0.185897435897436
"68","Cefaclor","Second-generation cephalosporins","J01DC04","Watch","No","Cefadroxil","","250 mg/5 ml",NA,"SUSPEN",NA,"PO","","","N",NA,2,NA,"g",NA,"J01DA09",0.027,NA,"","","ML",0.189285714285714
"69","Cefaclor","Second-generation cephalosporins","J01DC04","Watch","No","Cefalotin","","1 g",NA,"VIAL",NA,"INJ","","","N",NA,4,NA,"g",NA,"J01DA03",0.46,NA,"","","ML",0.194444444444445
"71","Cefadroxil","First-generation cephalosporins","J01DB05","Access","No","Cefadroxil Monohydrate","","500 mg",NA,"TAB-CAP",NA,"PO","","","N",NA,2,NA,"g",NA,"J01DA09",0.079,NA,"","","TAB-CAP",0.181818181818182
"77","Cefalexin","First-generation cephalosporins","J01DB01","Access","Yes","Cefalotin","","1 g",NA,"VIAL",NA,"INJ","","","N",NA,4,NA,"g",NA,"J01DA03",0.46,NA,"","","ML",0.148148148148148
"78","Cefalexin","First-generation cephalosporins","J01DB01","Access","Yes","Cefazolin","","1 g",NA,"VIAL",NA,"INJ","","","E",NA,3,NA,"g",NA,"J01DA04",0.4818,NA,"","","VIAL",0.148148148148148
"79","Cefalexin","First-generation cephalosporins","J01DB01","Access","Yes","Cefazolin","","500 mg",NA,"AMPOULE",NA,"INJ","","","P",NA,3,NA,"g",NA,"J01DA04",0.6273,NA,"","","VIAL",0.148148148148148
"80","Cefalotin","First-generation cephalosporins","J01DB03","Access","No","Cefalexin","","125 mg/5 ml",NA,"SUSPEN",NA,"PO","","","E",NA,2,NA,"g",NA,"J01DA01",0.0094,0.0478,"","","ML",0.148148148148148
"81","Cefalotin","First-generation cephalosporins","J01DB03","Access","No","Cefalexin","","125 mg/ml",NA,"SUSPEN",NA,"PO","","","P",NA,2,NA,"g",NA,"J01DA01",NA,0.0064,"","","ML",0.148148148148148
"82","Cefalotin","First-generation cephalosporins","J01DB03","Access","No","Cefalexin","","250 mg",NA,"TAB-CAP",NA,"PO","","","E",NA,2,NA,"g",NA,"J01DA01",0.0475,0.0425,"","","TAB-CAP",0.148148148148148
"83","Cefalotin","First-generation cephalosporins","J01DB03","Access","No","Cefalexin","","250 mg/5 ml",NA,"SUSPEN",NA,"PO","","","E",NA,2,NA,"g",NA,"J01DA01",0.0184,NA,"","","ML",0.148148148148148
"84","Cefalotin","First-generation cephalosporins","J01DB03","Access","No","Cefalexin","","500 mg",NA,"TAB-CAP",NA,"PO","","","P",NA,2,NA,"g",NA,"J01DA01",0.0628,0.0787,"","","TAB-CAP",0.148148148148148
"86","Cefalotin","First-generation cephalosporins","J01DB03","Access","No","Cefazolin","","1 g",NA,"VIAL",NA,"INJ","","","E",NA,3,NA,"g",NA,"J01DA04",0.4818,NA,"","","VIAL",0.115740740740741
"87","Cefalotin","First-generation cephalosporins","J01DB03","Access","No","Cefazolin","","500 mg",NA,"AMPOULE",NA,"INJ","","","P",NA,3,NA,"g",NA,"J01DA04",0.6273,NA,"","","VIAL",0.115740740740741
"88","Cefatrizine","First-generation cephalosporins","J01DB07","Access","No","Cefalotin","","1 g",NA,"VIAL",NA,"INJ","","","N",NA,4,NA,"g",NA,"J01DA03",0.46,NA,"","","ML",0.195286195286195
"89","Cefatrizine","First-generation cephalosporins","J01DB07","Access","No","Ceftazidime","","1 g",NA,"VIAL",NA,"INJ","","","P",NA,4,NA,"g",NA,"J01DA11",1.77,1.35,"","","VIAL",0.195286195286195
"90","Cefatrizine","First-generation cephalosporins","J01DB07","Access","No","Ceftazidime","","250 mg",NA,"VIAL",NA,"INJ","","","C",NA,4,NA,"g",NA,"J01DD02",NA,1.48,"","","VIAL",0.195286195286195
"91","Cefatrizine","First-generation cephalosporins","J01DB07","Access","No","Ceftazidime","","30 mcg",NA,"DISC",NA,"DIAG","","","N",NA,NA,NA,"",NA,"V07AR",0.0173,NA,"","","EACH",0.195286195286195
"92","Cefatrizine","First-generation cephalosporins","J01DB07","Access","No","Ceftriaxone","","1 g",NA,"VIAL",NA,"INJ","","","E",NA,2,NA,"g",NA,"J01DA13",0.4251,0.398,"","","VIAL",0.195286195286195
"93","Cefatrizine","First-generation cephalosporins","J01DB07","Access","No","Ceftriaxone","","250 mg",NA,"VIAL",NA,"INJ","","","E",NA,2,NA,"g",NA,"J01DA13",0.59,0.3538,"","","VIAL",0.195286195286195
"94","Cefatrizine","First-generation cephalosporins","J01DB07","Access","No","Ceftriaxone","","30 mcg",NA,"DISC",NA,"DIAG","","","N",NA,NA,NA,"",NA,"V07AR",0.0173,NA,"","","EACH",0.195286195286195
"95","Cefatrizine","First-generation cephalosporins","J01DB07","Access","No","Ceftriaxone","","500 mg",NA,"VIAL",NA,"INJ","","","P",NA,2,NA,"g",NA,"J01DA13",0.4843,0.38,"","","VIAL",0.195286195286195
"96","Cefatrizine","First-generation cephalosporins","J01DB07","Access","No","Cetirizine","","10 mg",NA,"TAB-CAP",NA,"PO","","","N",NA,10,NA,"mg",NA,"R06AE07",0.009,0.012,"","","TAB-CAP",0.168013468013468
"97","Cefatrizine","First-generation cephalosporins","J01DB07","Access","No","Cetirizine","","5 mg/5 ml",NA,"SYRUP",NA,"PO","","","N",NA,10,NA,"mg",NA,"R06AE07",0.0048,0.0135,"","","ML",0.168013468013468
"98","Cefazedone","First-generation cephalosporins","J01DB06","Access","No","Cefazolin","","1 g",NA,"VIAL",NA,"INJ","","","E",NA,3,NA,"g",NA,"J01DA04",0.4818,NA,"","","VIAL",0.174074074074074
"99","Cefazedone","First-generation cephalosporins","J01DB06","Access","No","Cefazolin","","500 mg",NA,"AMPOULE",NA,"INJ","","","P",NA,3,NA,"g",NA,"J01DA04",0.6273,NA,"","","VIAL",0.174074074074074
"100","Cefazolin","First-generation cephalosporins","J01DB04","Access","Yes","Cefalexin","","125 mg/5 ml",NA,"SUSPEN",NA,"PO","","","E",NA,2,NA,"g",NA,"J01DA01",0.0094,0.0478,"","","ML",0.148148148148148
"101","Cefazolin","First-generation cephalosporins","J01DB04","Access","Yes","Cefalexin","","125 mg/ml",NA,"SUSPEN",NA,"PO","","","P",NA,2,NA,"g",NA,"J01DA01",NA,0.0064,"","","ML",0.148148148148148
"102","Cefazolin","First-generation cephalosporins","J01DB04","Access","Yes","Cefalexin","","250 mg",NA,"TAB-CAP",NA,"PO","","","E",NA,2,NA,"g",NA,"J01DA01",0.0475,0.0425,"","","TAB-CAP",0.148148148148148
"103","Cefazolin","First-generation cephalosporins","J01DB04","Access","Yes","Cefalexin","","250 mg/5 ml",NA,"SUSPEN",NA,"PO","","","E",NA,2,NA,"g",NA,"J01DA01",0.0184,NA,"","","ML",0.148148148148148
"104","Cefazolin","First-generation cephalosporins","J01DB04","Access","Yes","Cefalexin","","500 mg",NA,"TAB-CAP",NA,"PO","","","P",NA,2,NA,"g",NA,"J01DA01",0.0628,0.0787,"","","TAB-CAP",0.148148148148148
"105","Cefazolin","First-generation cephalosporins","J01DB04","Access","Yes","Cefalotin","","1 g",NA,"VIAL",NA,"INJ","","","N",NA,4,NA,"g",NA,"J01DA03",0.46,NA,"","","ML",0.115740740740741
"109","Cefepime","Fourth-generation cephalosporins","J01DE01","Watch","No","Cefixime","","100 mg/5 ml",NA,"SUSPEN",NA,"PO","","","P",NA,0.4,NA,"g",NA,"J01DA23",0.024,0.0332,"","","ML",0.166666666666667
"110","Cefepime","Fourth-generation cephalosporins","J01DE01","Watch","No","Cefixime","","200 mg",NA,"TAB-CAP",NA,"PO","","","P",NA,0.4,NA,"g",NA,"J01DA23",NA,0.166,"","","TAB-CAP",0.166666666666667
"111","Cefepime","Fourth-generation cephalosporins","J01DE01","Watch","No","Cefixime","","400 mg",NA,"TAB-CAP",NA,"PO","","","E",NA,0.4,NA,"g",NA,"J01DA23",NA,0.275,"","","TAB-CAP",0.166666666666667
"112","Cefixime","Third-generation cephalosporins","J01DD08","Watch","Yes","Cefepime","","1 g",NA,"VIAL",NA,"INJ","","","T",NA,2,NA,"g",NA,"J01DA24",2.3042,NA,"","","VIAL",0.166666666666667
"116","Cefixime","Third-generation cephalosporins","J01DD08","Watch","Yes","Cefotaxime","","1 g",NA,"VIAL",NA,"INJ","","","CP",NA,4,NA,"g",NA,"J01DA10",0.6275,1.08,"","","VIAL",0.189285714285714
"117","Cefixime","Third-generation cephalosporins","J01DD08","Watch","Yes","Cefotaxime","","500 mg",NA,"VIAL",NA,"INJ","","","CP",NA,4,NA,"g",NA,"J01DA10",0.5437,0.98,"","","VIAL",0.189285714285714
"118","Cefixime","Third-generation cephalosporins","J01DD08","Watch","Yes","Ceftazidime","","1 g",NA,"VIAL",NA,"INJ","","","P",NA,4,NA,"g",NA,"J01DA11",1.77,1.35,"","","VIAL",0.162878787878788
"119","Cefixime","Third-generation cephalosporins","J01DD08","Watch","Yes","Ceftazidime","","250 mg",NA,"VIAL",NA,"INJ","","","C",NA,4,NA,"g",NA,"J01DD02",NA,1.48,"","","VIAL",0.162878787878788
"120","Cefixime","Third-generation cephalosporins","J01DD08","Watch","Yes","Ceftazidime","","30 mcg",NA,"DISC",NA,"DIAG","","","N",NA,NA,NA,"",NA,"V07AR",0.0173,NA,"","","EACH",0.162878787878788
"121","Cefixime","Third-generation cephalosporins","J01DD08","Watch","Yes","Cefuroxime","","1.5 g",NA,"VIAL",NA,"INJ","","","N",NA,3,NA,"g",NA,"J01DA06",2.08,NA,"","","VIAL",0.189285714285714
"122","Cefixime","Third-generation cephalosporins","J01DD08","Watch","Yes","Cefuroxime","","125 mg/5 ml",NA,"SUSPEN",NA,"PO","","","N",NA,0.5,NA,"g",NA,"J01DA06",0.0631,0.033,"","","ML",0.189285714285714
"123","Cefixime","Third-generation cephalosporins","J01DD08","Watch","Yes","Cefuroxime","","250 mg",NA,"TAB-CAP",NA,"PO","","","N",NA,0.5,NA,"g",NA,"J01DA06",0.1647,0.114,"","","TAB-CAP",0.189285714285714
"124","Cefixime","Third-generation cephalosporins","J01DD08","Watch","Yes","Cefuroxime","","30 mcg",NA,"DISC",NA,"DIAG","","","N",NA,NA,NA,"",NA,"V07AR",0.0173,NA,"","","EACH",0.189285714285714
"125","Cefixime","Third-generation cephalosporins","J01DD08","Watch","Yes","Cefuroxime","","500 mg",NA,"TAB-CAP",NA,"PO","","","N",NA,0.5,NA,"g",NA,"J01DC02",0.3676,0.3911,"","","TAB-CAP",0.189285714285714
"126","Cefixime","Third-generation cephalosporins","J01DD08","Watch","Yes","Cefuroxime","","750 mg",NA,"VIAL",NA,"INJ","","","N",NA,3,NA,"g",NA,"J01DA06",1.0968,1.3364,"","","VIAL",0.189285714285714
"127","Cefmenoxime","Third-generation cephalosporins","J01DD05","Watch","No","Cefotaxime","","1 g",NA,"VIAL",NA,"INJ","","","CP",NA,4,NA,"g",NA,"J01DA10",0.6275,1.08,"","","VIAL",0.157575757575758
"128","Cefmenoxime","Third-generation cephalosporins","J01DD05","Watch","No","Cefotaxime","","500 mg",NA,"VIAL",NA,"INJ","","","CP",NA,4,NA,"g",NA,"J01DA10",0.5437,0.98,"","","VIAL",0.157575757575758
"129","Cefmenoxime","Third-generation cephalosporins","J01DD05","Watch","No","Cefuroxime","","1.5 g",NA,"VIAL",NA,"INJ","","","N",NA,3,NA,"g",NA,"J01DA06",2.08,NA,"","","VIAL",0.157575757575758
"130","Cefmenoxime","Third-generation cephalosporins","J01DD05","Watch","No","Cefuroxime","","125 mg/5 ml",NA,"SUSPEN",NA,"PO","","","N",NA,0.5,NA,"g",NA,"J01DA06",0.0631,0.033,"","","ML",0.157575757575758
"131","Cefmenoxime","Third-generation cephalosporins","J01DD05","Watch","No","Cefuroxime","","250 mg",NA,"TAB-CAP",NA,"PO","","","N",NA,0.5,NA,"g",NA,"J01DA06",0.1647,0.114,"","","TAB-CAP",0.157575757575758
"132","Cefmenoxime","Third-generation cephalosporins","J01DD05","Watch","No","Cefuroxime","","30 mcg",NA,"DISC",NA,"DIAG","","","N",NA,NA,NA,"",NA,"V07AR",0.0173,NA,"","","EACH",0.157575757575758
"133","Cefmenoxime","Third-generation cephalosporins","J01DD05","Watch","No","Cefuroxime","","500 mg",NA,"TAB-CAP",NA,"PO","","","N",NA,0.5,NA,"g",NA,"J01DC02",0.3676,0.3911,"","","TAB-CAP",0.157575757575758
"134","Cefmenoxime","Third-generation cephalosporins","J01DD05","Watch","No","Cefuroxime","","750 mg",NA,"VIAL",NA,"INJ","","","N",NA,3,NA,"g",NA,"J01DA06",1.0968,1.3364,"","","VIAL",0.157575757575758
"135","Cefmetazole","Second-generation cephalosporins","J01DC09","Watch","No","Cefazolin","","1 g",NA,"VIAL",NA,"INJ","","","E",NA,3,NA,"g",NA,"J01DA04",0.4818,NA,"","","VIAL",0.195286195286195
"136","Cefmetazole","Second-generation cephalosporins","J01DC09","Watch","No","Cefazolin","","500 mg",NA,"AMPOULE",NA,"INJ","","","P",NA,3,NA,"g",NA,"J01DA04",0.6273,NA,"","","VIAL",0.195286195286195
"137","Cefodizime","Third-generation cephalosporins","J01DD09","Watch","No","Cefixime","","100 mg/5 ml",NA,"SUSPEN",NA,"PO","","","P",NA,0.4,NA,"g",NA,"J01DA23",0.024,0.0332,"","","ML",0.141666666666667
"138","Cefodizime","Third-generation cephalosporins","J01DD09","Watch","No","Cefixime","","200 mg",NA,"TAB-CAP",NA,"PO","","","P",NA,0.4,NA,"g",NA,"J01DA23",NA,0.166,"","","TAB-CAP",0.141666666666667
"139","Cefodizime","Third-generation cephalosporins","J01DD09","Watch","No","Cefixime","","400 mg",NA,"TAB-CAP",NA,"PO","","","E",NA,0.4,NA,"g",NA,"J01DA23",NA,0.275,"","","TAB-CAP",0.141666666666667
"140","Cefodizime","Third-generation cephalosporins","J01DD09","Watch","No","Ceftazidime","","1 g",NA,"VIAL",NA,"INJ","","","P",NA,4,NA,"g",NA,"J01DA11",1.77,1.35,"","","VIAL",0.130976430976431
"141","Cefodizime","Third-generation cephalosporins","J01DD09","Watch","No","Ceftazidime","","250 mg",NA,"VIAL",NA,"INJ","","","C",NA,4,NA,"g",NA,"J01DD02",NA,1.48,"","","VIAL",0.130976430976431
"142","Cefodizime","Third-generation cephalosporins","J01DD09","Watch","No","Ceftazidime","","30 mcg",NA,"DISC",NA,"DIAG","","","N",NA,NA,NA,"",NA,"V07AR",0.0173,NA,"","","EACH",0.130976430976431
"143","Cefotaxime","Third-generation cephalosporins","J01DD01","Watch","Yes","Cefixime","","100 mg/5 ml",NA,"SUSPEN",NA,"PO","","","P",NA,0.4,NA,"g",NA,"J01DA23",0.024,0.0332,"","","ML",0.189285714285714
"144","Cefotaxime","Third-generation cephalosporins","J01DD01","Watch","Yes","Cefixime","","200 mg",NA,"TAB-CAP",NA,"PO","","","P",NA,0.4,NA,"g",NA,"J01DA23",NA,0.166,"","","TAB-CAP",0.189285714285714
"145","Cefotaxime","Third-generation cephalosporins","J01DD01","Watch","Yes","Cefixime","","400 mg",NA,"TAB-CAP",NA,"PO","","","E",NA,0.4,NA,"g",NA,"J01DA23",NA,0.275,"","","TAB-CAP",0.189285714285714
"148","Cefotaxime","Third-generation cephalosporins","J01DD01","Watch","Yes","Ceftazidime","","1 g",NA,"VIAL",NA,"INJ","","","P",NA,4,NA,"g",NA,"J01DA11",1.77,1.35,"","","VIAL",0.157575757575758
"149","Cefotaxime","Third-generation cephalosporins","J01DD01","Watch","Yes","Ceftazidime","","250 mg",NA,"VIAL",NA,"INJ","","","C",NA,4,NA,"g",NA,"J01DD02",NA,1.48,"","","VIAL",0.157575757575758
"150","Cefotaxime","Third-generation cephalosporins","J01DD01","Watch","Yes","Ceftazidime","","30 mcg",NA,"DISC",NA,"DIAG","","","N",NA,NA,NA,"",NA,"V07AR",0.0173,NA,"","","EACH",0.157575757575758
"151","Cefotaxime","Third-generation cephalosporins","J01DD01","Watch","Yes","Cefuroxime","","1.5 g",NA,"VIAL",NA,"INJ","","","N",NA,3,NA,"g",NA,"J01DA06",2.08,NA,"","","VIAL",0.133333333333333
"152","Cefotaxime","Third-generation cephalosporins","J01DD01","Watch","Yes","Cefuroxime","","125 mg/5 ml",NA,"SUSPEN",NA,"PO","","","N",NA,0.5,NA,"g",NA,"J01DA06",0.0631,0.033,"","","ML",0.133333333333333
"153","Cefotaxime","Third-generation cephalosporins","J01DD01","Watch","Yes","Cefuroxime","","250 mg",NA,"TAB-CAP",NA,"PO","","","N",NA,0.5,NA,"g",NA,"J01DA06",0.1647,0.114,"","","TAB-CAP",0.133333333333333
"154","Cefotaxime","Third-generation cephalosporins","J01DD01","Watch","Yes","Cefuroxime","","30 mcg",NA,"DISC",NA,"DIAG","","","N",NA,NA,NA,"",NA,"V07AR",0.0173,NA,"","","EACH",0.133333333333333
"155","Cefotaxime","Third-generation cephalosporins","J01DD01","Watch","Yes","Cefuroxime","","500 mg",NA,"TAB-CAP",NA,"PO","","","N",NA,0.5,NA,"g",NA,"J01DC02",0.3676,0.3911,"","","TAB-CAP",0.133333333333333
"156","Cefotaxime","Third-generation cephalosporins","J01DD01","Watch","Yes","Cefuroxime","","750 mg",NA,"VIAL",NA,"INJ","","","N",NA,3,NA,"g",NA,"J01DA06",1.0968,1.3364,"","","VIAL",0.133333333333333
"157","Cefotiam","Second-generation cephalosporins","J01DC07","Watch","No","Cefotaxime","","1 g",NA,"VIAL",NA,"INJ","","","CP",NA,4,NA,"g",NA,"J01DA10",0.6275,1.08,"","","VIAL",0.108333333333333
"158","Cefotiam","Second-generation cephalosporins","J01DC07","Watch","No","Cefotaxime","","500 mg",NA,"VIAL",NA,"INJ","","","CP",NA,4,NA,"g",NA,"J01DA10",0.5437,0.98,"","","VIAL",0.108333333333333
"159","Cefoxitin","Second-generation cephalosporins","J01DC01","Watch","No","Cefalotin","","1 g",NA,"VIAL",NA,"INJ","","","N",NA,4,NA,"g",NA,"J01DA03",0.46,NA,"","","ML",0.195767195767196
"160","Cefpiramide","Third-generation cephalosporins","J01DD11","Watch","No","Cefepime","","1 g",NA,"VIAL",NA,"INJ","","","T",NA,2,NA,"g",NA,"J01DA24",2.3042,NA,"","","VIAL",0.162878787878788
"161","Cefpiramide","Third-generation cephalosporins","J01DD11","Watch","No","Ceftazidime","","1 g",NA,"VIAL",NA,"INJ","","","P",NA,4,NA,"g",NA,"J01DA11",1.77,1.35,"","","VIAL",0.195286195286195
"162","Cefpiramide","Third-generation cephalosporins","J01DD11","Watch","No","Ceftazidime","","250 mg",NA,"VIAL",NA,"INJ","","","C",NA,4,NA,"g",NA,"J01DD02",NA,1.48,"","","VIAL",0.195286195286195
"163","Cefpiramide","Third-generation cephalosporins","J01DD11","Watch","No","Ceftazidime","","30 mcg",NA,"DISC",NA,"DIAG","","","N",NA,NA,NA,"",NA,"V07AR",0.0173,NA,"","","EACH",0.195286195286195
"164","Cefpirome","Fourth-generation cephalosporins","J01DE02","Watch","No","Cefepime","","1 g",NA,"VIAL",NA,"INJ","","","T",NA,2,NA,"g",NA,"J01DA24",2.3042,NA,"","","VIAL",0.115740740740741
"165","Cefpirome","Fourth-generation cephalosporins","J01DE02","Watch","No","Cefixime","","100 mg/5 ml",NA,"SUSPEN",NA,"PO","","","P",NA,0.4,NA,"g",NA,"J01DA23",0.024,0.0332,"","","ML",0.194444444444445
"166","Cefpirome","Fourth-generation cephalosporins","J01DE02","Watch","No","Cefixime","","200 mg",NA,"TAB-CAP",NA,"PO","","","P",NA,0.4,NA,"g",NA,"J01DA23",NA,0.166,"","","TAB-CAP",0.194444444444445
"167","Cefpirome","Fourth-generation cephalosporins","J01DE02","Watch","No","Cefixime","","400 mg",NA,"TAB-CAP",NA,"PO","","","E",NA,0.4,NA,"g",NA,"J01DA23",NA,0.275,"","","TAB-CAP",0.194444444444445
"168","Cefpirome","Fourth-generation cephalosporins","J01DE02","Watch","No","Cefuroxime","","1.5 g",NA,"VIAL",NA,"INJ","","","N",NA,3,NA,"g",NA,"J01DA06",2.08,NA,"","","VIAL",0.166203703703704
"169","Cefpirome","Fourth-generation cephalosporins","J01DE02","Watch","No","Cefuroxime","","125 mg/5 ml",NA,"SUSPEN",NA,"PO","","","N",NA,0.5,NA,"g",NA,"J01DA06",0.0631,0.033,"","","ML",0.166203703703704
"170","Cefpirome","Fourth-generation cephalosporins","J01DE02","Watch","No","Cefuroxime","","250 mg",NA,"TAB-CAP",NA,"PO","","","N",NA,0.5,NA,"g",NA,"J01DA06",0.1647,0.114,"","","TAB-CAP",0.166203703703704
"171","Cefpirome","Fourth-generation cephalosporins","J01DE02","Watch","No","Cefuroxime","","30 mcg",NA,"DISC",NA,"DIAG","","","N",NA,NA,NA,"",NA,"V07AR",0.0173,NA,"","","EACH",0.166203703703704
"172","Cefpirome","Fourth-generation cephalosporins","J01DE02","Watch","No","Cefuroxime","","500 mg",NA,"TAB-CAP",NA,"PO","","","N",NA,0.5,NA,"g",NA,"J01DC02",0.3676,0.3911,"","","TAB-CAP",0.166203703703704
"173","Cefpirome","Fourth-generation cephalosporins","J01DE02","Watch","No","Cefuroxime","","750 mg",NA,"VIAL",NA,"INJ","","","N",NA,3,NA,"g",NA,"J01DA06",1.0968,1.3364,"","","VIAL",0.166203703703704
"174","Cefprozil","Second-generation cephalosporins","J01DC10","Watch","No","Cefadroxil","","250 mg/5 ml",NA,"SUSPEN",NA,"PO","","","N",NA,2,NA,"g",NA,"J01DA09",0.027,NA,"","","ML",0.174074074074074
"175","Cefradine","First-generation cephalosporins","J01DB09","Access","No","Ceftriaxone","","1 g",NA,"VIAL",NA,"INJ","","","E",NA,2,NA,"g",NA,"J01DA13",0.4251,0.398,"","","VIAL",0.169612794612795
"176","Cefradine","First-generation cephalosporins","J01DB09","Access","No","Ceftriaxone","","250 mg",NA,"VIAL",NA,"INJ","","","E",NA,2,NA,"g",NA,"J01DA13",0.59,0.3538,"","","VIAL",0.169612794612795
"177","Cefradine","First-generation cephalosporins","J01DB09","Access","No","Ceftriaxone","","30 mcg",NA,"DISC",NA,"DIAG","","","N",NA,NA,NA,"",NA,"V07AR",0.0173,NA,"","","EACH",0.169612794612795
"178","Cefradine","First-generation cephalosporins","J01DB09","Access","No","Ceftriaxone","","500 mg",NA,"VIAL",NA,"INJ","","","P",NA,2,NA,"g",NA,"J01DA13",0.4843,0.38,"","","VIAL",0.169612794612795
"179","Cefroxadine","First-generation cephalosporins","J01DB11","Access","No","Cefadroxil","","250 mg/5 ml",NA,"SUSPEN",NA,"PO","","","N",NA,2,NA,"g",NA,"J01DA09",0.027,NA,"","","ML",0.186531986531987
"180","Cefroxadine","First-generation cephalosporins","J01DB11","Access","No","Cefotaxime","","1 g",NA,"VIAL",NA,"INJ","","","CP",NA,4,NA,"g",NA,"J01DA10",0.6275,1.08,"","","VIAL",0.199242424242424
"181","Cefroxadine","First-generation cephalosporins","J01DB11","Access","No","Cefotaxime","","500 mg",NA,"VIAL",NA,"INJ","","","CP",NA,4,NA,"g",NA,"J01DA10",0.5437,0.98,"","","VIAL",0.199242424242424
"182","Cefroxadine","First-generation cephalosporins","J01DB11","Access","No","Ceftriaxone","","1 g",NA,"VIAL",NA,"INJ","","","E",NA,2,NA,"g",NA,"J01DA13",0.4251,0.398,"","","VIAL",0.127272727272727
"183","Cefroxadine","First-generation cephalosporins","J01DB11","Access","No","Ceftriaxone","","250 mg",NA,"VIAL",NA,"INJ","","","E",NA,2,NA,"g",NA,"J01DA13",0.59,0.3538,"","","VIAL",0.127272727272727
"184","Cefroxadine","First-generation cephalosporins","J01DB11","Access","No","Ceftriaxone","","30 mcg",NA,"DISC",NA,"DIAG","","","N",NA,NA,NA,"",NA,"V07AR",0.0173,NA,"","","EACH",0.127272727272727
"185","Cefroxadine","First-generation cephalosporins","J01DB11","Access","No","Ceftriaxone","","500 mg",NA,"VIAL",NA,"INJ","","","P",NA,2,NA,"g",NA,"J01DA13",0.4843,0.38,"","","VIAL",0.127272727272727
"186","Cefroxadine","First-generation cephalosporins","J01DB11","Access","No","Cefuroxime","","1.5 g",NA,"VIAL",NA,"INJ","","","N",NA,3,NA,"g",NA,"J01DA06",2.08,NA,"","","VIAL",0.157575757575758
"187","Cefroxadine","First-generation cephalosporins","J01DB11","Access","No","Cefuroxime","","125 mg/5 ml",NA,"SUSPEN",NA,"PO","","","N",NA,0.5,NA,"g",NA,"J01DA06",0.0631,0.033,"","","ML",0.157575757575758
"188","Cefroxadine","First-generation cephalosporins","J01DB11","Access","No","Cefuroxime","","250 mg",NA,"TAB-CAP",NA,"PO","","","N",NA,0.5,NA,"g",NA,"J01DA06",0.1647,0.114,"","","TAB-CAP",0.157575757575758
"189","Cefroxadine","First-generation cephalosporins","J01DB11","Access","No","Cefuroxime","","30 mcg",NA,"DISC",NA,"DIAG","","","N",NA,NA,NA,"",NA,"V07AR",0.0173,NA,"","","EACH",0.157575757575758
"190","Cefroxadine","First-generation cephalosporins","J01DB11","Access","No","Cefuroxime","","500 mg",NA,"TAB-CAP",NA,"PO","","","N",NA,0.5,NA,"g",NA,"J01DC02",0.3676,0.3911,"","","TAB-CAP",0.157575757575758
"191","Cefroxadine","First-generation cephalosporins","J01DB11","Access","No","Cefuroxime","","750 mg",NA,"VIAL",NA,"INJ","","","N",NA,3,NA,"g",NA,"J01DA06",1.0968,1.3364,"","","VIAL",0.157575757575758
"192","Ceftazidime","Third-generation cephalosporins","J01DD02","Watch","Yes","Cefixime","","100 mg/5 ml",NA,"SUSPEN",NA,"PO","","","P",NA,0.4,NA,"g",NA,"J01DA23",0.024,0.0332,"","","ML",0.162878787878788
"193","Ceftazidime","Third-generation cephalosporins","J01DD02","Watch","Yes","Cefixime","","200 mg",NA,"TAB-CAP",NA,"PO","","","P",NA,0.4,NA,"g",NA,"J01DA23",NA,0.166,"","","TAB-CAP",0.162878787878788
"194","Ceftazidime","Third-generation cephalosporins","J01DD02","Watch","Yes","Cefixime","","400 mg",NA,"TAB-CAP",NA,"PO","","","E",NA,0.4,NA,"g",NA,"J01DA23",NA,0.275,"","","TAB-CAP",0.162878787878788
"195","Ceftazidime","Third-generation cephalosporins","J01DD02","Watch","Yes","Cefotaxime","","1 g",NA,"VIAL",NA,"INJ","","","CP",NA,4,NA,"g",NA,"J01DA10",0.6275,1.08,"","","VIAL",0.157575757575758
"196","Ceftazidime","Third-generation cephalosporins","J01DD02","Watch","Yes","Cefotaxime","","500 mg",NA,"VIAL",NA,"INJ","","","CP",NA,4,NA,"g",NA,"J01DA10",0.5437,0.98,"","","VIAL",0.157575757575758
"200","Ceftazidime-avibactam","Third-generation cephalosporins","J01DD52","Reserve","Yes","Ceftazidime","","1 g",NA,"VIAL",NA,"INJ","","","P",NA,4,NA,"g",NA,"J01DA11",1.77,1.35,"","","VIAL",0.158730158730159
"201","Ceftazidime-avibactam","Third-generation cephalosporins","J01DD52","Reserve","Yes","Ceftazidime","","250 mg",NA,"VIAL",NA,"INJ","","","C",NA,4,NA,"g",NA,"J01DD02",NA,1.48,"","","VIAL",0.158730158730159
"202","Ceftazidime-avibactam","Third-generation cephalosporins","J01DD52","Reserve","Yes","Ceftazidime","","30 mcg",NA,"DISC",NA,"DIAG","","","N",NA,NA,NA,"",NA,"V07AR",0.0173,NA,"","","EACH",0.158730158730159
"203","Ceftizoxime","Third-generation cephalosporins","J01DD07","Watch","No","Cefixime","","100 mg/5 ml",NA,"SUSPEN",NA,"PO","","","P",NA,0.4,NA,"g",NA,"J01DA23",0.024,0.0332,"","","ML",0.0909090909090908
"204","Ceftizoxime","Third-generation cephalosporins","J01DD07","Watch","No","Cefixime","","200 mg",NA,"TAB-CAP",NA,"PO","","","P",NA,0.4,NA,"g",NA,"J01DA23",NA,0.166,"","","TAB-CAP",0.0909090909090908
"205","Ceftizoxime","Third-generation cephalosporins","J01DD07","Watch","No","Cefixime","","400 mg",NA,"TAB-CAP",NA,"PO","","","E",NA,0.4,NA,"g",NA,"J01DA23",NA,0.275,"","","TAB-CAP",0.0909090909090908
"206","Ceftizoxime","Third-generation cephalosporins","J01DD07","Watch","No","Cefotaxime","","1 g",NA,"VIAL",NA,"INJ","","","CP",NA,4,NA,"g",NA,"J01DA10",0.6275,1.08,"","","VIAL",0.168013468013468
"207","Ceftizoxime","Third-generation cephalosporins","J01DD07","Watch","No","Cefotaxime","","500 mg",NA,"VIAL",NA,"INJ","","","CP",NA,4,NA,"g",NA,"J01DA10",0.5437,0.98,"","","VIAL",0.168013468013468
"208","Ceftizoxime","Third-generation cephalosporins","J01DD07","Watch","No","Ceftazidime","","1 g",NA,"VIAL",NA,"INJ","","","P",NA,4,NA,"g",NA,"J01DA11",1.77,1.35,"","","VIAL",0.158249158249158
"209","Ceftizoxime","Third-generation cephalosporins","J01DD07","Watch","No","Ceftazidime","","250 mg",NA,"VIAL",NA,"INJ","","","C",NA,4,NA,"g",NA,"J01DD02",NA,1.48,"","","VIAL",0.158249158249158
"210","Ceftizoxime","Third-generation cephalosporins","J01DD07","Watch","No","Ceftazidime","","30 mcg",NA,"DISC",NA,"DIAG","","","N",NA,NA,NA,"",NA,"V07AR",0.0173,NA,"","","EACH",0.158249158249158
"215","Ceftriaxone","Third-generation cephalosporins","J01DD04","Watch","Yes","Cefuroxime","","1.5 g",NA,"VIAL",NA,"INJ","","","N",NA,3,NA,"g",NA,"J01DA06",2.08,NA,"","","VIAL",0.199242424242424
"216","Ceftriaxone","Third-generation cephalosporins","J01DD04","Watch","Yes","Cefuroxime","","125 mg/5 ml",NA,"SUSPEN",NA,"PO","","","N",NA,0.5,NA,"g",NA,"J01DA06",0.0631,0.033,"","","ML",0.199242424242424
"217","Ceftriaxone","Third-generation cephalosporins","J01DD04","Watch","Yes","Cefuroxime","","250 mg",NA,"TAB-CAP",NA,"PO","","","N",NA,0.5,NA,"g",NA,"J01DA06",0.1647,0.114,"","","TAB-CAP",0.199242424242424
"218","Ceftriaxone","Third-generation cephalosporins","J01DD04","Watch","Yes","Cefuroxime","","30 mcg",NA,"DISC",NA,"DIAG","","","N",NA,NA,NA,"",NA,"V07AR",0.0173,NA,"","","EACH",0.199242424242424
"219","Ceftriaxone","Third-generation cephalosporins","J01DD04","Watch","Yes","Cefuroxime","","500 mg",NA,"TAB-CAP",NA,"PO","","","N",NA,0.5,NA,"g",NA,"J01DC02",0.3676,0.3911,"","","TAB-CAP",0.199242424242424
"220","Ceftriaxone","Third-generation cephalosporins","J01DD04","Watch","Yes","Cefuroxime","","750 mg",NA,"VIAL",NA,"INJ","","","N",NA,3,NA,"g",NA,"J01DA06",1.0968,1.3364,"","","VIAL",0.199242424242424
"221","Cefuroxime","Second-generation cephalosporins","J01DC02","Watch","Yes","Cefixime","","100 mg/5 ml",NA,"SUSPEN",NA,"PO","","","P",NA,0.4,NA,"g",NA,"J01DA23",0.024,0.0332,"","","ML",0.189285714285714
"222","Cefuroxime","Second-generation cephalosporins","J01DC02","Watch","Yes","Cefixime","","200 mg",NA,"TAB-CAP",NA,"PO","","","P",NA,0.4,NA,"g",NA,"J01DA23",NA,0.166,"","","TAB-CAP",0.189285714285714
"223","Cefuroxime","Second-generation cephalosporins","J01DC02","Watch","Yes","Cefixime","","400 mg",NA,"TAB-CAP",NA,"PO","","","E",NA,0.4,NA,"g",NA,"J01DA23",NA,0.275,"","","TAB-CAP",0.189285714285714
"224","Cefuroxime","Second-generation cephalosporins","J01DC02","Watch","Yes","Cefotaxime","","1 g",NA,"VIAL",NA,"INJ","","","CP",NA,4,NA,"g",NA,"J01DA10",0.6275,1.08,"","","VIAL",0.133333333333333
"225","Cefuroxime","Second-generation cephalosporins","J01DC02","Watch","Yes","Cefotaxime","","500 mg",NA,"VIAL",NA,"INJ","","","CP",NA,4,NA,"g",NA,"J01DA10",0.5437,0.98,"","","VIAL",0.133333333333333
"226","Cefuroxime","Second-generation cephalosporins","J01DC02","Watch","Yes","Ceftriaxone","","1 g",NA,"VIAL",NA,"INJ","","","E",NA,2,NA,"g",NA,"J01DA13",0.4251,0.398,"","","VIAL",0.199242424242424
"227","Cefuroxime","Second-generation cephalosporins","J01DC02","Watch","Yes","Ceftriaxone","","250 mg",NA,"VIAL",NA,"INJ","","","E",NA,2,NA,"g",NA,"J01DA13",0.59,0.3538,"","","VIAL",0.199242424242424
"228","Cefuroxime","Second-generation cephalosporins","J01DC02","Watch","Yes","Ceftriaxone","","30 mcg",NA,"DISC",NA,"DIAG","","","N",NA,NA,NA,"",NA,"V07AR",0.0173,NA,"","","EACH",0.199242424242424
"229","Cefuroxime","Second-generation cephalosporins","J01DC02","Watch","Yes","Ceftriaxone","","500 mg",NA,"VIAL",NA,"INJ","","","P",NA,2,NA,"g",NA,"J01DA13",0.4843,0.38,"","","VIAL",0.199242424242424
"236","Chloramphenicol","Amphenicols","J01BA01","Access","Yes","Chloramine","","500 mg",NA,"TAB-CAP",NA,"TOP","","","N",NA,NA,NA,"",NA,"",NA,0.0155,"","","TAB-CAP",0.144444444444445
"246","Chloramphenicol","Amphenicols","J01BA01","Access","Yes","Chloramphenicol In Oil","","250 mg/ml",NA,"AMPOULE",NA,"INJ","","","E",NA,3,NA,"g",NA,"J01BA01",NA,0.3302,"","","ML",0.106060606060606
"247","Chloramphenicol","Amphenicols","J01BA01","Access","Yes","Chloramphenicol/Dexamethasone","","0.5%/0.1%",NA,"OPHT DROP",NA,"OPHT","","","N",NA,NA,NA,"",NA,"S01AA20",0.0532,0.104,"","","ML",0.160919540229885
"248","Chloramphenicol","Amphenicols","J01BA01","Access","Yes","Chlorpromazine Hcl","","50 mg",NA,"TAB-CAP",NA,"PO","","","C",NA,0.3,NA,"g",NA,"N05AA01",0.0353,NA,"","","TAB-CAP",0.191534391534391
"255","Ciprofloxacin","Fluoroquinolones","J01MA02","Watch","Yes","Levofloxacin","","250 mg",NA,"TAB-CAP",NA,"PO","","","T",NA,0.5,NA,"g",NA,"J01MA12",0.1395,0.0593,"","","TAB-CAP",0.185897435897436
"256","Ciprofloxacin","Fluoroquinolones","J01MA02","Watch","Yes","Levofloxacin","","5 mg/ml",NA,"VIAL",NA,"INJ","","","T",NA,0.5,NA,"g",NA,"J01MA12",0.0071,0.0171,"","","ML",0.185897435897436
"257","Ciprofloxacin","Fluoroquinolones","J01MA02","Watch","Yes","Levofloxacin","","500 mg",NA,"TAB-CAP",NA,"PO","","","C",NA,0.5,NA,"g",NA,"J01MA12",0.0677,0.122,"","","TAB-CAP",0.185897435897436
"258","Ciprofloxacin","Fluoroquinolones","J01MA02","Watch","Yes","Levofloxacin","","750 mg",NA,"TAB-CAP",NA,"PO","","","C",NA,0.5,NA,"g",NA,"J01MA12",NA,0.4728,"","","TAB-CAP",0.185897435897436
"259","Ciprofloxacin","Fluoroquinolones","J01MA02","Watch","Yes","Moxifloxacin","","400 mg",NA,"TAB-CAP",NA,"PO","","","N",NA,0.4,NA,"g",NA,"J01MA14",1.7562,0.446,"","","TAB-CAP",0.165811965811966
"260","Ciprofloxacin","Fluoroquinolones","J01MA02","Watch","Yes","Moxifloxacin","","5 mg/ml",NA,"SOLUTION",NA,"PO","","","CP",NA,0.4,NA,"g",NA,"J01MA14",1.9036,NA,"","","ML",0.165811965811966
"261","Ciprofloxacin","Fluoroquinolones","J01MA02","Watch","Yes","Norfloxacin","","400 mg",NA,"TAB-CAP",NA,"PO","","","T",NA,0.8,NA,"g",NA,"J01MA06",NA,0.0258,"","","TAB-CAP",0.140559440559441
"266","Clarithromycin","Macrolides","J01FA09","Watch","Yes","Mitomycin","","5 mg",NA,"VIAL",NA,"INJ","","","N",NA,NA,NA,"",NA,"L01DC03",25,NA,"","","VIAL",0.17989417989418
"268","Clindamycin","Lincosamides","J01FF01 ","Access","Yes","Clindamycin (Base)","","150 mg",NA,"TAB-CAP",NA,"PO","","","C",NA,0.1,NA,"g",NA,"J01FF01",0.173,0.0833,"","","TAB-CAP",0.12962962962963
"269","Clindamycin","Lincosamides","J01FF01 ","Access","Yes","Clindamycin (Base)","","150 mg/ml",NA,"VIAL",NA,"INJ","","","C",NA,1.8,NA,"g",NA,"J01FF01",0.0772,0.472,"","","ML",0.12962962962963
"270","Clometocillin","Penicillins ","J01CE07","Access","No","Cloxacillin","","5 mcg",NA,"DISC",NA,"DIAG","","","N",NA,NA,NA,"",NA,"V07AR",NA,0.0598,"","","EACH",0.163170163170163
"272","Cloxacillin","Penicillins ","J01CF02","Access","Yes","Cloxacillin Sodium","","1 g",NA,"VIAL",NA,"INJ","","","T",NA,2,NA,"g",NA,"J01CF02",NA,0.169,"","","VIAL",0.12962962962963
"273","Cloxacillin","Penicillins ","J01CF02","Access","Yes","Cloxacillin Sodium","","125 mg/5 ml",NA,"SUSPEN",NA,"PO","","","T",NA,2,NA,"g",NA,"J01CF02",0.009,0.0097,"","","ML",0.12962962962963
"274","Cloxacillin","Penicillins ","J01CF02","Access","Yes","Cloxacillin Sodium","","250 mg",NA,"TAB-CAP",NA,"PO","","","T",NA,2,NA,"g",NA,"J01CF02",0.0164,0.0204,"","","TAB-CAP",0.12962962962963
"275","Cloxacillin","Penicillins ","J01CF02","Access","Yes","Cloxacillin Sodium","","250 mg",NA,"VIAL",NA,"INJ","","","T",NA,2,NA,"g",NA,"J01CF02",0.7273,0.26,"","","VIAL",0.12962962962963
"276","Cloxacillin","Penicillins ","J01CF02","Access","Yes","Cloxacillin Sodium","","500 mg",NA,"TAB-CAP",NA,"PO","","","T",NA,2,NA,"g",NA,"J01CF02",0.0566,0.0374,"","","TAB-CAP",0.12962962962963
"277","Cloxacillin","Penicillins ","J01CF02","Access","Yes","Cloxacillin Sodium","","500 mg",NA,"VIAL",NA,"INJ","","","T",NA,2,NA,"g",NA,"J01CF02",0.6096,0.1818,"","","VIAL",0.12962962962963
"278","Cloxacillin","Penicillins ","J01CF02","Access","Yes","Ofloxacin","","0.30%",NA,"OPHT DROP",NA,"OPHT","","","E",NA,NA,NA,"",NA,"S01AX11",0.2039,NA,"","","ML",0.195286195286195
"279","Cloxacillin","Penicillins ","J01CF02","Access","Yes","Ofloxacin","","200 mg",NA,"TAB-CAP",NA,"PO","","","C",NA,0.4,NA,"g",NA,"J01MA01",NA,0.0497,"","","TAB-CAP",0.195286195286195
"280","Colistin","Polymyxins","J01XB01","Reserve","Yes","Cisplatin","","1 mg/ml",NA,"VIAL",NA,"INJ","","","C",NA,NA,NA,"",NA,"L01XA01",0.515,0.1129,"","","ML",0.187169312169312
"281","Colistin","Polymyxins","J01XB01","Reserve","Yes","Cisplatin","","10 mg",NA,"VIAL",NA,"INJ","","","C",NA,NA,NA,"",NA,"L01XA01",2.7547,0.1225,"","","ML",0.187169312169312
"282","Colistin","Polymyxins","J01XB01","Reserve","Yes","Cisplatin","","50 mg",NA,"VIAL",NA,"INJ","","","C",NA,NA,NA,"",NA,"L01XA01",7.2506,6.0465,"","","VIAL",0.187169312169312
"283","Daptomycin","Lipopeptides","J01XX09","Reserve","No","Capreomycin","","1 g",NA,"VIAL",NA,"INJ","","","C",NA,1,NA,"g",NA,"J04AB30",5.3293,4.7,"","","VIAL",0.157575757575758
"284","Daptomycin","Lipopeptides","J01XX09","Reserve","No","Mitomycin","","5 mg",NA,"VIAL",NA,"INJ","","","N",NA,NA,NA,"",NA,"L01DC03",25,NA,"","","VIAL",0.174074074074074
"285","Daptomycin","Lipopeptides","J01XX09","Reserve","No","Natamycin","","50 mg/ml",NA,"OPHT DROP",NA,"OPHT","","","N",NA,NA,NA,"",NA,"S01AA10",15.7686,NA,"","","ML",0.174074074074074
"289","Dirithromycin","Macrolides","J01FA13","Watch","No","Azithromycin","","200 mg/5 ml",NA,"SUSPEN",NA,"PO","","","E",NA,0.3,NA,"g",NA,"J01FA10",0.0314,0.06,"","","ML",0.182478632478632
"290","Dirithromycin","Macrolides","J01FA13","Watch","No","Azithromycin","","250 mg",NA,"TAB-CAP",NA,"PO","","","E",NA,0.3,NA,"g",NA,"J01FA10",0.198,0.117,"","","TAB-CAP",0.182478632478632
"291","Dirithromycin","Macrolides","J01FA13","Watch","No","Azithromycin","","500 mg",NA,"TAB-CAP",NA,"PO","","","E",NA,0.3,NA,"g",NA,"J01FA10",0.1855,0.2267,"","","TAB-CAP",0.182478632478632
"292","Dirithromycin","Macrolides","J01FA13","Watch","No","Clarithromycin","","125 mg/5 ml",NA,"SUSPEN",NA,"PO","","","N",NA,0.5,NA,"g",NA,"J01FA09",NA,0.0383,"","","ML",0.153013653013653
"293","Dirithromycin","Macrolides","J01FA13","Watch","No","Clarithromycin","","250 mg",NA,"TAB-CAP",NA,"PO","","","N",NA,0.5,NA,"g",NA,"J01FA09",0.0375,0.1429,"","","TAB-CAP",0.153013653013653
"294","Dirithromycin","Macrolides","J01FA13","Watch","No","Clarithromycin","","250 mg/5 ml",NA,"SUSPEN",NA,"PO","","","N",NA,0.5,NA,"g",NA,"J01FA09",0.0547,NA,"","","ML",0.153013653013653
"295","Dirithromycin","Macrolides","J01FA13","Watch","No","Clarithromycin","","500 mg",NA,"TAB-CAP",NA,"PO","","","N",NA,0.5,NA,"g",NA,"J01FA09",0.1393,0.255,"","","TAB-CAP",0.153013653013653
"296","Dirithromycin","Macrolides","J01FA13","Watch","No","Erythromycin","base","125 mg/5 ml",NA,"SUSPEN",NA,"PO","","","E",NA,1,NA,"g",NA,"J01FA01",NA,0.0082,"","","ML",0.132478632478632
"297","Dirithromycin","Macrolides","J01FA13","Watch","No","Erythromycin","","15 mcg",NA,"DISC",NA,"DIAG","","","N",NA,NA,NA,"",NA,"V07AR",NA,0.06,"","","EACH",0.132478632478632
"298","Dirithromycin","Macrolides","J01FA13","Watch","No","Erythromycin","base","250 mg",NA,"TAB-CAP",NA,"PO","","","E",NA,1,NA,"g",NA,"J01FA01",0.045,0.0306,"","","TAB-CAP",0.132478632478632
"299","Dirithromycin","Macrolides","J01FA13","Watch","No","Erythromycin","base","250 mg/5 ml",NA,"SUSPEN",NA,"PO","","","P",NA,1,NA,"g",NA,"J01FA01",0.0372,0.0782,"","","ML",0.132478632478632
"300","Dirithromycin","Macrolides","J01FA13","Watch","No","Erythromycin","","5 mcg",NA,"DISC",NA,"DIAG","","","N",NA,NA,NA,"",NA,"V07AR",NA,0.1123,"","","EACH",0.132478632478632
"301","Dirithromycin","Macrolides","J01FA13","Watch","No","Erythromycin","base","500 mg",NA,"TAB-CAP",NA,"PO","","","P",NA,1,NA,"g",NA,"J01FA01",0.0456,0.086,"","","TAB-CAP",0.132478632478632
"302","Doripenem","Carbapenems","J01DH04","Watch","No","Imipenem","","11 mcg",NA,"DISC",NA,"DIAG","","","N",NA,NA,NA,"",NA,"V07AR",0.0173,NA,"","","EACH",0.194444444444445
"303","Doripenem","Carbapenems","J01DH04","Watch","No","Meropenem","","1 g",NA,"VIAL",NA,"INJ","","","N",NA,2,NA,"g",NA,"J01DH02",8.3722,10.1,"","","VIAL",0.195767195767196
"304","Doripenem","Carbapenems","J01DH04","Watch","No","Meropenem","","500 mg",NA,"VIAL",NA,"INJ","","","N",NA,2,NA,"g",NA,"J01DH02",5.1163,NA,"","","VIAL",0.195767195767196
"306","Enoxacin","Fluoroquinolones","J01MA04","Watch","No","Enoxaparin","","100 mg",NA,"SYRINGE",NA,"INJ","","","E",NA,2,NA,"TU",NA,"B01AB05",3.4933,NA,"","","SYRINGE",0.141666666666667
"307","Enoxacin","Fluoroquinolones","J01MA04","Watch","No","Enoxaparin","","20 mg",NA,"SYRINGE",NA,"INJ","","","E",NA,2,NA,"TU",NA,"B01AB05",3.1718,NA,"","","SYRINGE",0.141666666666667
"308","Enoxacin","Fluoroquinolones","J01MA04","Watch","No","Enoxaparin","","40 mg",NA,"SYRINGE",NA,"INJ","","","E",NA,2,NA,"TU",NA,"B01AB05",2.3754,7.02,"","","SYRINGE",0.141666666666667
"309","Enoxacin","Fluoroquinolones","J01MA04","Watch","No","Enoxaparin","","60 mg",NA,"SYRINGE",NA,"INJ","","","E",NA,2,NA,"TU",NA,"B01AB05",5.2388,NA,"","","SYRINGE",0.141666666666667
"310","Enoxacin","Fluoroquinolones","J01MA04","Watch","No","Enoxaparin","","80 mg",NA,"SYRINGE",NA,"INJ","","","E",NA,2,NA,"TU",NA,"B01AB05",6.71,NA,"","","SYRINGE",0.141666666666667
"311","Enoxacin","Fluoroquinolones","J01MA04","Watch","No","Ofloxacin","","0.30%",NA,"OPHT DROP",NA,"OPHT","","","E",NA,NA,NA,"",NA,"S01AX11",0.2039,NA,"","","ML",0.194444444444445
"312","Enoxacin","Fluoroquinolones","J01MA04","Watch","No","Ofloxacin","","200 mg",NA,"TAB-CAP",NA,"PO","","","C",NA,0.4,NA,"g",NA,"J01MA01",NA,0.0497,"","","TAB-CAP",0.194444444444445
"313","Eravacycline","Tetracyclines","J01AA13","Reserve","No","Tetracycline","","10 mcg",NA,"DISC",NA,"DIAG","","","N",NA,NA,NA,"",NA,"V07AR",NA,0.0883,"","","EACH",0.166666666666667
"314","Eravacycline","Tetracyclines","J01AA13","Reserve","No","Tetracycline","","3%",NA,"OINTMENT",NA,"TOP","","","P",NA,NA,NA,"",NA,"D06AA04",0.0137,0.0416,"","","G",0.166666666666667
"321","Erythromycin","Macrolides","J01FA01","Watch","No","Erythromycin Lactobionate","","500 mg",NA,"VIAL",NA,"INJ","","","E",NA,1,NA,"g",NA,"J01FA01",13.8,NA,"","","VIAL",0.173333333333333
"322","Faropenem","Penems","J01DI03","Reserve","No","Meropenem","","1 g",NA,"VIAL",NA,"INJ","","","N",NA,2,NA,"g",NA,"J01DH02",8.3722,10.1,"","","VIAL",0.148148148148148
"323","Faropenem","Penems","J01DI03","Reserve","No","Meropenem","","500 mg",NA,"VIAL",NA,"INJ","","","N",NA,2,NA,"g",NA,"J01DH02",5.1163,NA,"","","VIAL",0.148148148148148
"324","Fleroxacin","Fluoroquinolones","J01MA08","Watch","No","Fluorescein","","100 mg/ml",NA,"AMPOULE",NA,"INJ","","","EP",NA,NA,NA,"",NA,"S01JA01",2.2051,NA,"","","ML",0.199242424242424
"325","Fleroxacin","Fluoroquinolones","J01MA08","Watch","No","Norfloxacin","","400 mg",NA,"TAB-CAP",NA,"PO","","","T",NA,0.8,NA,"g",NA,"J01MA06",NA,0.0258,"","","TAB-CAP",0.199242424242424
"326","Fleroxacin","Fluoroquinolones","J01MA08","Watch","No","Ofloxacin","","0.30%",NA,"OPHT DROP",NA,"OPHT","","","E",NA,NA,NA,"",NA,"S01AX11",0.2039,NA,"","","ML",0.174074074074074
"327","Fleroxacin","Fluoroquinolones","J01MA08","Watch","No","Ofloxacin","","200 mg",NA,"TAB-CAP",NA,"PO","","","C",NA,0.4,NA,"g",NA,"J01MA01",NA,0.0497,"","","TAB-CAP",0.174074074074074
"330","Gentamicin","Aminoglycosides","J01GB03","Access","Yes","Gemcitabine","","1 g",NA,"VIAL",NA,"INJ","","","C",NA,NA,NA,"",NA,"L01BC05",25.2715,NA,"","","VIAL",0.186531986531987
"331","Gentamicin","Aminoglycosides","J01GB03","Access","Yes","Gemcitabine","","200 mg",NA,"VIAL",NA,"INJ","","","C",NA,NA,NA,"",NA,"L01BC05",6.2808,NA,"","","VIAL",0.186531986531987
"334","Gentamicin","Aminoglycosides","J01GB03","Access","Yes","Gentamicin Sulfate","","10 mg/ml",NA,"AMPOULE",NA,"INJ","","","E",NA,0.24,NA,"g",NA,"J01GB03",NA,0.088,"","","ML",0.148148148148148
"335","Gentamicin","Aminoglycosides","J01GB03","Access","Yes","Gentamicin Sulfate","","40 mg/ml",NA,"AMPOULE",NA,"INJ","","","E",NA,0.24,NA,"g",NA,"J01GB03",0.0616,0.06,"","","ML",0.148148148148148
"336","Imipenem/cilastatin","Carbapenems","J01DH51","Watch","No","Imipenem","","11 mcg",NA,"DISC",NA,"DIAG","","","N",NA,NA,NA,"",NA,"V07AR",0.0173,NA,"","","EACH",0.192982456140351
"337","Imipenem/cilastatin","Carbapenems","J01DH51","Watch","No","Imipenem/Cilastatin","","500mg/500mg",NA,"VIAL",NA,"INJ","","","C",NA,2,NA,"g",NA,"J01DH51",4.4177,10.22,"","","VIAL",0.0350877192982457
"338","Kanamycin","Aminoglycosides","J01GB04","Watch","No","Kanamycin Sulfate","","1 g",NA,"VIAL",NA,"INJ","","","C",NA,1,NA,"g",NA,"J01GB04",1.0589,1.1714,"","","VIAL",0.156862745098039
"339","Kanamycin","Aminoglycosides","J01GB04","Watch","No","Natamycin","","50 mg/ml",NA,"OPHT DROP",NA,"OPHT","","","N",NA,NA,NA,"",NA,"S01AA10",15.7686,NA,"","","ML",0.148148148148148
"340","Levofloxacin","Fluoroquinolones","J01MA12","Watch","No","Ciprofloxacin","","0.30%",NA,"OPHT DROP",NA,"OPHT","","","P",NA,NA,NA,"",NA,"S01AX13",0.2891,0.072,"","","ML",0.185897435897436
"341","Levofloxacin","Fluoroquinolones","J01MA12","Watch","No","Ciprofloxacin","","2 mg/ml",NA,"VIAL",NA,"INJ","","","P",NA,0.5,NA,"g",NA,"J01MA02",0.0025,0.01,"","","ML",0.185897435897436
"342","Levofloxacin","Fluoroquinolones","J01MA12","Watch","No","Ciprofloxacin","","250 mg",NA,"TAB-CAP",NA,"PO","","","E",NA,1,NA,"g",NA,"J01MA02",0.026,0.0212,"","","TAB-CAP",0.185897435897436
"343","Levofloxacin","Fluoroquinolones","J01MA12","Watch","No","Ciprofloxacin","","250 mg/5 ml",NA,"SUSPEN",NA,"PO","","","E",NA,1,NA,"g",NA,"J01MA02",0.1282,NA,"","","ML",0.185897435897436
"344","Levofloxacin","Fluoroquinolones","J01MA12","Watch","No","Ciprofloxacin","","5 mcg",NA,"DISC",NA,"DIAG","","","N",NA,NA,NA,"",NA,"V07AR",0.0173,0.0859,"","","EACH",0.185897435897436
"345","Levofloxacin","Fluoroquinolones","J01MA12","Watch","No","Ciprofloxacin","","500 mg",NA,"TAB-CAP",NA,"PO","","","P",NA,1,NA,"g",NA,"J01MA02",0.0269,0.0373,"","","TAB-CAP",0.185897435897436
"350","Levofloxacin","Fluoroquinolones","J01MA12","Watch","No","Norfloxacin","","400 mg",NA,"TAB-CAP",NA,"PO","","","T",NA,0.8,NA,"g",NA,"J01MA06",NA,0.0258,"","","TAB-CAP",0.143939393939394
"351","Lincomycin","Macrolides","J01FF02","Watch","No","Dactinomycin","","500 mcg",NA,"VIAL",NA,"INJ","","","C",NA,NA,NA,"",NA,"L01DA01",8.7021,NA,"","","VIAL",0.172222222222222
"352","Lincomycin","Macrolides","J01FF02","Watch","No","Spectinomycin","","2 g",NA,"VIAL",NA,"INJ","","","E",NA,3,NA,"g",NA,"J01XX04",NA,4.85,"","","VIAL",0.191452991452991
"353","Lincomycin","Macrolides","J01FF02","Watch","No","Vancomycin","","30 mcg",NA,"DISC",NA,"DIAG","","","N",NA,NA,NA,"",NA,"V07AR",0.0173,NA,"","","EACH",0.133333333333333
"354","Lincomycin","Macrolides","J01FF02","Watch","No","Vancomycin","","500 mg",NA,"VIAL",NA,"INJ","","","N",NA,2,NA,"g",NA,"J01XA01",1.907,NA,"","","VIAL",0.133333333333333
"357","Lomefloxacin","Fluoroquinolones","J01MA07","Watch","No","Ciprofloxacin","","0.30%",NA,"OPHT DROP",NA,"OPHT","","","P",NA,NA,NA,"",NA,"S01AX13",0.2891,0.072,"","","ML",0.185897435897436
"358","Lomefloxacin","Fluoroquinolones","J01MA07","Watch","No","Ciprofloxacin","","2 mg/ml",NA,"VIAL",NA,"INJ","","","P",NA,0.5,NA,"g",NA,"J01MA02",0.0025,0.01,"","","ML",0.185897435897436
"359","Lomefloxacin","Fluoroquinolones","J01MA07","Watch","No","Ciprofloxacin","","250 mg",NA,"TAB-CAP",NA,"PO","","","E",NA,1,NA,"g",NA,"J01MA02",0.026,0.0212,"","","TAB-CAP",0.185897435897436
"360","Lomefloxacin","Fluoroquinolones","J01MA07","Watch","No","Ciprofloxacin","","250 mg/5 ml",NA,"SUSPEN",NA,"PO","","","E",NA,1,NA,"g",NA,"J01MA02",0.1282,NA,"","","ML",0.185897435897436
"361","Lomefloxacin","Fluoroquinolones","J01MA07","Watch","No","Ciprofloxacin","","5 mcg",NA,"DISC",NA,"DIAG","","","N",NA,NA,NA,"",NA,"V07AR",0.0173,0.0859,"","","EACH",0.185897435897436
"362","Lomefloxacin","Fluoroquinolones","J01MA07","Watch","No","Ciprofloxacin","","500 mg",NA,"TAB-CAP",NA,"PO","","","P",NA,1,NA,"g",NA,"J01MA02",0.0269,0.0373,"","","TAB-CAP",0.185897435897436
"363","Lomefloxacin","Fluoroquinolones","J01MA07","Watch","No","Levofloxacin","","250 mg",NA,"TAB-CAP",NA,"PO","","","T",NA,0.5,NA,"g",NA,"J01MA12",0.1395,0.0593,"","","TAB-CAP",0.085858585858586
"364","Lomefloxacin","Fluoroquinolones","J01MA07","Watch","No","Levofloxacin","","5 mg/ml",NA,"VIAL",NA,"INJ","","","T",NA,0.5,NA,"g",NA,"J01MA12",0.0071,0.0171,"","","ML",0.085858585858586
"365","Lomefloxacin","Fluoroquinolones","J01MA07","Watch","No","Levofloxacin","","500 mg",NA,"TAB-CAP",NA,"PO","","","C",NA,0.5,NA,"g",NA,"J01MA12",0.0677,0.122,"","","TAB-CAP",0.085858585858586
"366","Lomefloxacin","Fluoroquinolones","J01MA07","Watch","No","Levofloxacin","","750 mg",NA,"TAB-CAP",NA,"PO","","","C",NA,0.5,NA,"g",NA,"J01MA12",NA,0.4728,"","","TAB-CAP",0.085858585858586
"367","Lomefloxacin","Fluoroquinolones","J01MA07","Watch","No","Norfloxacin","","400 mg",NA,"TAB-CAP",NA,"PO","","","T",NA,0.8,NA,"g",NA,"J01MA06",NA,0.0258,"","","TAB-CAP",0.143939393939394
"368","Lymecycline","Tetracyclines","J01AA04","Watch","No","Doxycycline","","100 mg",NA,"TAB-CAP",NA,"PO","","","C",NA,0.1,NA,"g",NA,"J01AA02",0.0192,0.0133,"","","TAB-CAP",0.181818181818182
"369","Lymecycline","Tetracyclines","J01AA04","Watch","No","Oxytetracycline","","3%",NA,"OPHT OINT",NA,"OPHT","","","N",NA,NA,NA,"",NA,"S01AA04",NA,0.0451,"","","G",0.193939393939394
"372","Meropenem-vaborbactam","Carbapenems","J01DH52","Reserve","Yes","Meropenem","","1 g",NA,"VIAL",NA,"INJ","","","N",NA,2,NA,"g",NA,"J01DH02",8.3722,10.1,"","","VIAL",0.19047619047619
"373","Meropenem-vaborbactam","Carbapenems","J01DH52","Reserve","Yes","Meropenem","","500 mg",NA,"VIAL",NA,"INJ","","","N",NA,2,NA,"g",NA,"J01DH02",5.1163,NA,"","","VIAL",0.19047619047619
"374","Metacycline","Tetracyclines","J01AA05","Watch","No","Tetracycline","","10 mcg",NA,"DISC",NA,"DIAG","","","N",NA,NA,NA,"",NA,"V07AR",NA,0.0883,"","","EACH",0.085858585858586
"375","Metacycline","Tetracyclines","J01AA05","Watch","No","Tetracycline","","3%",NA,"OINTMENT",NA,"TOP","","","P",NA,NA,NA,"",NA,"D06AA04",0.0137,0.0416,"","","G",0.085858585858586
"376","Metacycline","Tetracyclines","J01AA05","Watch","No","Tetracycline HCl","","1%",NA,"OPHT OINT",NA,"OPHT","","","E",NA,NA,NA,"",NA,"S01AA09",0.1294,0.0457,"","","G",0.15530303030303
"377","Metacycline","Tetracyclines","J01AA05","Watch","No","Tetracycline HCl","","1%",NA,"OINTMENT",NA,"TOP","","","P",NA,NA,NA,"",NA,"D06AA04",NA,0.0512,"","","G",0.15530303030303
"378","Metacycline","Tetracyclines","J01AA05","Watch","No","Tetracycline HCl","","250 mg",NA,"TAB-CAP",NA,"PO","","","P",NA,1,NA,"g",NA,"J01AA07",0.0222,0.015,"","","TAB-CAP",0.15530303030303
"379","Metronidazole (IV)","Imidazoles","J01XD01","Access","Yes","Metronidazole","","1 g",NA,"SUPPOS",NA,"RECT","","","E",NA,2,NA,"g",NA,"P01AB01",0.694,0.43,"","","SUPP",0.0925925925925926
"380","Metronidazole (IV)","Imidazoles","J01XD01","Access","Yes","Metronidazole","","125 mg/5 ml",NA,"SYRUP",NA,"PO","","","P",NA,1.5,NA,"g",NA,"P01AB01",NA,0.0058,"","","ML",0.0925925925925926
"381","Metronidazole (IV)","Imidazoles","J01XD01","Access","Yes","Metronidazole","","200 mg/5 ml",NA,"SYRUP",NA,"PO","","","E",NA,1.5,NA,"g",NA,"P01AB01",0.0103,0.0054,"","","ML",0.0925925925925926
"382","Metronidazole (IV)","Imidazoles","J01XD01","Access","Yes","Metronidazole","","200-250 mg",NA,"TAB-CAP",NA,"PO","","","E",NA,1.5,NA,"g",NA,"P01AB01",0.0067,0.0061,"","","TAB-CAP",0.0925925925925926
"383","Metronidazole (IV)","Imidazoles","J01XD01","Access","Yes","Metronidazole","","400-500 mg",NA,"TAB-CAP",NA,"PO","","","E",NA,1.5,NA,"g",NA,"P01AB01",0.0157,0.0118,"","","TAB-CAP",0.0925925925925926
"384","Metronidazole (IV)","Imidazoles","J01XD01","Access","Yes","Metronidazole","","5 mg/ml",NA,"VIAL",NA,"INJ","","","E",NA,1.5,NA,"g",NA,"J01XD01",0.0039,0.005,"","","ML",0.0925925925925926
"385","Metronidazole (IV)","Imidazoles","J01XD01","Access","Yes","Metronidazole","","500 mg",NA,"PESSARY",NA,"VAG","","","P",NA,0.5,NA,"g",NA,"G01AF01",NA,0.0334,"","","PESS",0.0925925925925926
"386","Metronidazole (IV)","Imidazoles","J01XD01","Access","Yes","Metronidazole","","500 mg",NA,"SUPPOS",NA,"RECT","","","E",NA,2,NA,"g",NA,"P01AB01",0.2326,NA,"","","SUPP",0.0925925925925926
"387","Metronidazole (oral)","Imidazoles","P01AB01","Access","Yes","Metronidazole","","1 g",NA,"SUPPOS",NA,"RECT","","","E",NA,2,NA,"g",NA,"P01AB01",0.694,0.43,"","","SUPP",0.116666666666667
"388","Metronidazole (oral)","Imidazoles","P01AB01","Access","Yes","Metronidazole","","125 mg/5 ml",NA,"SYRUP",NA,"PO","","","P",NA,1.5,NA,"g",NA,"P01AB01",NA,0.0058,"","","ML",0.116666666666667
"389","Metronidazole (oral)","Imidazoles","P01AB01","Access","Yes","Metronidazole","","200 mg/5 ml",NA,"SYRUP",NA,"PO","","","E",NA,1.5,NA,"g",NA,"P01AB01",0.0103,0.0054,"","","ML",0.116666666666667
"390","Metronidazole (oral)","Imidazoles","P01AB01","Access","Yes","Metronidazole","","200-250 mg",NA,"TAB-CAP",NA,"PO","","","E",NA,1.5,NA,"g",NA,"P01AB01",0.0067,0.0061,"","","TAB-CAP",0.116666666666667
"391","Metronidazole (oral)","Imidazoles","P01AB01","Access","Yes","Metronidazole","","400-500 mg",NA,"TAB-CAP",NA,"PO","","","E",NA,1.5,NA,"g",NA,"P01AB01",0.0157,0.0118,"","","TAB-CAP",0.116666666666667
"392","Metronidazole (oral)","Imidazoles","P01AB01","Access","Yes","Metronidazole","","5 mg/ml",NA,"VIAL",NA,"INJ","","","E",NA,1.5,NA,"g",NA,"J01XD01",0.0039,0.005,"","","ML",0.116666666666667
"393","Metronidazole (oral)","Imidazoles","P01AB01","Access","Yes","Metronidazole","","500 mg",NA,"PESSARY",NA,"VAG","","","P",NA,0.5,NA,"g",NA,"G01AF01",NA,0.0334,"","","PESS",0.116666666666667
"394","Metronidazole (oral)","Imidazoles","P01AB01","Access","Yes","Metronidazole","","500 mg",NA,"SUPPOS",NA,"RECT","","","E",NA,2,NA,"g",NA,"P01AB01",0.2326,NA,"","","SUPP",0.116666666666667
"395","Mezlocillin","Penicillins ","J01CA10","Watch","No","Cloxacillin","","5 mcg",NA,"DISC",NA,"DIAG","","","N",NA,NA,NA,"",NA,"V07AR",NA,0.0598,"","","EACH",0.181818181818182
"396","Moxifloxacin","Fluoroquinolones","J01MA14","Watch","No","Ciprofloxacin","","0.30%",NA,"OPHT DROP",NA,"OPHT","","","P",NA,NA,NA,"",NA,"S01AX13",0.2891,0.072,"","","ML",0.165811965811966
"397","Moxifloxacin","Fluoroquinolones","J01MA14","Watch","No","Ciprofloxacin","","2 mg/ml",NA,"VIAL",NA,"INJ","","","P",NA,0.5,NA,"g",NA,"J01MA02",0.0025,0.01,"","","ML",0.165811965811966
"398","Moxifloxacin","Fluoroquinolones","J01MA14","Watch","No","Ciprofloxacin","","250 mg",NA,"TAB-CAP",NA,"PO","","","E",NA,1,NA,"g",NA,"J01MA02",0.026,0.0212,"","","TAB-CAP",0.165811965811966
"399","Moxifloxacin","Fluoroquinolones","J01MA14","Watch","No","Ciprofloxacin","","250 mg/5 ml",NA,"SUSPEN",NA,"PO","","","E",NA,1,NA,"g",NA,"J01MA02",0.1282,NA,"","","ML",0.165811965811966
"400","Moxifloxacin","Fluoroquinolones","J01MA14","Watch","No","Ciprofloxacin","","5 mcg",NA,"DISC",NA,"DIAG","","","N",NA,NA,NA,"",NA,"V07AR",0.0173,0.0859,"","","EACH",0.165811965811966
"401","Moxifloxacin","Fluoroquinolones","J01MA14","Watch","No","Ciprofloxacin","","500 mg",NA,"TAB-CAP",NA,"PO","","","P",NA,1,NA,"g",NA,"J01MA02",0.0269,0.0373,"","","TAB-CAP",0.165811965811966
"404","Nafcillin","Penicillins ","J01CF06","Access","No","Oxacillin","","1 g",NA,"VIAL",NA,"INJ","","","T",NA,2,NA,"g",NA,"J01CF04",0.3542,NA,"","","VIAL",0.148148148148148
"405","Nafcillin","Penicillins ","J01CF06","Access","No","Oxacillin","","1 mcg",NA,"DISC",NA,"DIAG","","","N",NA,NA,NA,"",NA,"V07AR",0.0173,0.1336,"","","EACH",0.148148148148148
"406","Nafcillin","Penicillins ","J01CF06","Access","No","Oxacillin","","500 mg",NA,"AMPOULE",NA,"INJ","","","N",NA,2,NA,"g",NA,"J01CF04",0.2357,NA,"","","VIAL",0.148148148148148
"407","Neomycin","Aminoglycosides","J01GB05","Watch","No","Bleomycin","","15 IU",NA,"VIAL",NA,"INJ","","","C",NA,NA,NA,"",NA,"L01DC01",12.321,12.15,"","","VIAL",0.115740740740741
"408","Neomycin","Aminoglycosides","J01GB05","Watch","No","Capreomycin","","1 g",NA,"VIAL",NA,"INJ","","","C",NA,1,NA,"g",NA,"J04AB30",5.3293,4.7,"","","VIAL",0.162878787878788
"409","Neomycin","Aminoglycosides","J01GB05","Watch","No","Mitomycin","","5 mg",NA,"VIAL",NA,"INJ","","","N",NA,NA,NA,"",NA,"L01DC03",25,NA,"","","VIAL",0.194444444444445
"410","Neomycin","Aminoglycosides","J01GB05","Watch","No","Natamycin","","50 mg/ml",NA,"OPHT DROP",NA,"OPHT","","","N",NA,NA,NA,"",NA,"S01AA10",15.7686,NA,"","","ML",0.194444444444445
"411","Neomycin","Aminoglycosides","J01GB05","Watch","No","Neomycin/Bacitracin","","5mg/500IU/g",NA,"OINTMENT",NA,"TOP","","","N",NA,NA,NA,"",NA,"D06AX04",NA,0.0433,"","","G",0.192982456140351
"416","Nitrofurantoin","Nitrofurantoin","J01XE01","Access","Yes","Nitrofurazone","","0.20%",NA,"OINTMENT",NA,"TOP","","","N",NA,NA,NA,"",NA,"D08AF",0.0181,NA,"","","G",0.153013653013653
"417","Norfloxacin","Fluoroquinolones","J01MA06","Watch","No","Ciprofloxacin","","0.30%",NA,"OPHT DROP",NA,"OPHT","","","P",NA,NA,NA,"",NA,"S01AX13",0.2891,0.072,"","","ML",0.140559440559441
"418","Norfloxacin","Fluoroquinolones","J01MA06","Watch","No","Ciprofloxacin","","2 mg/ml",NA,"VIAL",NA,"INJ","","","P",NA,0.5,NA,"g",NA,"J01MA02",0.0025,0.01,"","","ML",0.140559440559441
"419","Norfloxacin","Fluoroquinolones","J01MA06","Watch","No","Ciprofloxacin","","250 mg",NA,"TAB-CAP",NA,"PO","","","E",NA,1,NA,"g",NA,"J01MA02",0.026,0.0212,"","","TAB-CAP",0.140559440559441
"420","Norfloxacin","Fluoroquinolones","J01MA06","Watch","No","Ciprofloxacin","","250 mg/5 ml",NA,"SUSPEN",NA,"PO","","","E",NA,1,NA,"g",NA,"J01MA02",0.1282,NA,"","","ML",0.140559440559441
"421","Norfloxacin","Fluoroquinolones","J01MA06","Watch","No","Ciprofloxacin","","5 mcg",NA,"DISC",NA,"DIAG","","","N",NA,NA,NA,"",NA,"V07AR",0.0173,0.0859,"","","EACH",0.140559440559441
"422","Norfloxacin","Fluoroquinolones","J01MA06","Watch","No","Ciprofloxacin","","500 mg",NA,"TAB-CAP",NA,"PO","","","P",NA,1,NA,"g",NA,"J01MA02",0.0269,0.0373,"","","TAB-CAP",0.140559440559441
"423","Norfloxacin","Fluoroquinolones","J01MA06","Watch","No","Levofloxacin","","250 mg",NA,"TAB-CAP",NA,"PO","","","T",NA,0.5,NA,"g",NA,"J01MA12",0.1395,0.0593,"","","TAB-CAP",0.143939393939394
"424","Norfloxacin","Fluoroquinolones","J01MA06","Watch","No","Levofloxacin","","5 mg/ml",NA,"VIAL",NA,"INJ","","","T",NA,0.5,NA,"g",NA,"J01MA12",0.0071,0.0171,"","","ML",0.143939393939394
"425","Norfloxacin","Fluoroquinolones","J01MA06","Watch","No","Levofloxacin","","500 mg",NA,"TAB-CAP",NA,"PO","","","C",NA,0.5,NA,"g",NA,"J01MA12",0.0677,0.122,"","","TAB-CAP",0.143939393939394
"426","Norfloxacin","Fluoroquinolones","J01MA06","Watch","No","Levofloxacin","","750 mg",NA,"TAB-CAP",NA,"PO","","","C",NA,0.5,NA,"g",NA,"J01MA12",NA,0.4728,"","","TAB-CAP",0.143939393939394
"428","Norfloxacin","Fluoroquinolones","J01MA06","Watch","No","Ofloxacin","","0.30%",NA,"OPHT DROP",NA,"OPHT","","","E",NA,NA,NA,"",NA,"S01AX11",0.2039,NA,"","","ML",0.190446127946128
"429","Norfloxacin","Fluoroquinolones","J01MA06","Watch","No","Ofloxacin","","200 mg",NA,"TAB-CAP",NA,"PO","","","C",NA,0.4,NA,"g",NA,"J01MA01",NA,0.0497,"","","TAB-CAP",0.190446127946128
"430","Ofloxacin","Fluoroquinolones","J01MA01","Watch","No","Cloxacillin","","5 mcg",NA,"DISC",NA,"DIAG","","","N",NA,NA,NA,"",NA,"V07AR",NA,0.0598,"","","EACH",0.195286195286195
"431","Ofloxacin","Fluoroquinolones","J01MA01","Watch","No","Norfloxacin","","400 mg",NA,"TAB-CAP",NA,"PO","","","T",NA,0.8,NA,"g",NA,"J01MA06",NA,0.0258,"","","TAB-CAP",0.190446127946128
"434","Oleandomycin","Macrolides","J01FA05","Watch","No","Clindamycin","","300 mg",NA,"TAB-CAP",NA,"PO","","","P",NA,1.2,NA,"g",NA,"J01FF01",0.0867,0.1,"","","TAB-CAP",0.199494949494949
"435","Oleandomycin","Macrolides","J01FA05","Watch","No","Vancomycin","","30 mcg",NA,"DISC",NA,"DIAG","","","N",NA,NA,NA,"",NA,"V07AR",0.0173,NA,"","","EACH",0.177777777777778
"436","Oleandomycin","Macrolides","J01FA05","Watch","No","Vancomycin","","500 mg",NA,"VIAL",NA,"INJ","","","N",NA,2,NA,"g",NA,"J01XA01",1.907,NA,"","","VIAL",0.177777777777778
"440","Oxacillin","Penicillins ","J01CF04","Access","No","Oxaliplatin","","100 mg",NA,"VIAL",NA,"INJ","","","C",NA,NA,NA,"",NA,"L01XA03",74.7676,NA,"","","VIAL",0.169612794612795
"441","Oxacillin","Penicillins ","J01CF04","Access","No","Oxaliplatin","","50 mg",NA,"VIAL",NA,"INJ","","","C",NA,NA,NA,"",NA,"L01XA03",28.8821,NA,"","","VIAL",0.169612794612795
"443","Oxytetracycline","Tetracyclines","J01AA06","Watch","No","Tetracycline","","10 mcg",NA,"DISC",NA,"DIAG","","","N",NA,NA,NA,"",NA,"V07AR",NA,0.0883,"","","EACH",0.192424242424242
"444","Oxytetracycline","Tetracyclines","J01AA06","Watch","No","Tetracycline","","3%",NA,"OINTMENT",NA,"TOP","","","P",NA,NA,NA,"",NA,"D06AA04",0.0137,0.0416,"","","G",0.192424242424242
"445","Pefloxacin","Fluoroquinolones","J01MA03","Watch","No","Levofloxacin","","250 mg",NA,"TAB-CAP",NA,"PO","","","T",NA,0.5,NA,"g",NA,"J01MA12",0.1395,0.0593,"","","TAB-CAP",0.172222222222222
"446","Pefloxacin","Fluoroquinolones","J01MA03","Watch","No","Levofloxacin","","5 mg/ml",NA,"VIAL",NA,"INJ","","","T",NA,0.5,NA,"g",NA,"J01MA12",0.0071,0.0171,"","","ML",0.172222222222222
"447","Pefloxacin","Fluoroquinolones","J01MA03","Watch","No","Levofloxacin","","500 mg",NA,"TAB-CAP",NA,"PO","","","C",NA,0.5,NA,"g",NA,"J01MA12",0.0677,0.122,"","","TAB-CAP",0.172222222222222
"448","Pefloxacin","Fluoroquinolones","J01MA03","Watch","No","Levofloxacin","","750 mg",NA,"TAB-CAP",NA,"PO","","","C",NA,0.5,NA,"g",NA,"J01MA12",NA,0.4728,"","","TAB-CAP",0.172222222222222
"449","Pefloxacin","Fluoroquinolones","J01MA03","Watch","No","Ofloxacin","","0.30%",NA,"OPHT DROP",NA,"OPHT","","","E",NA,NA,NA,"",NA,"S01AX11",0.2039,NA,"","","ML",0.103703703703704
"450","Pefloxacin","Fluoroquinolones","J01MA03","Watch","No","Ofloxacin","","200 mg",NA,"TAB-CAP",NA,"PO","","","C",NA,0.4,NA,"g",NA,"J01MA01",NA,0.0497,"","","TAB-CAP",0.103703703703704
"451","Penamecillin","Penicillins ","J01CE06","Access","No","Penicillamine","","250 mg",NA,"TAB-CAP",NA,"PO","","","C",NA,0.5,NA,"g",NA,"M01CC01",0.5329,NA,"","","TAB-CAP",0.16996891996892
"452","Pheneticillin","Penicillins ","J01CE05","Watch","No","Penicillamine","","250 mg",NA,"TAB-CAP",NA,"PO","","","C",NA,0.5,NA,"g",NA,"M01CC01",0.5329,NA,"","","TAB-CAP",0.153846153846154
"453","Pheneticillin","Penicillins ","J01CE05","Watch","No","Penicillin G","","10 units",NA,"DISC",NA,"DIAG","","","N",NA,NA,NA,"",NA,"V07AR",0.0173,0.0909,"","","EACH",0.132478632478632
"454","Piperacillin","Penicillins ","J01CA12","Watch","No","Piperacillin+Tazobactam","","4 g+500 mg",NA,"VIAL",NA,"INJ","","","N",NA,14,NA,"g",NA,"J01CR05",3.5268,NA,"","","VIAL",0.159420289855073
"455","Piperacillin/tazobactam","Beta lactam - beta lactamase inhibitor (anti-pseudomonal)","J01CR05","Watch","Yes","Piperacillin+Tazobactam","","4 g+500 mg",NA,"VIAL",NA,"INJ","","","N",NA,14,NA,"g",NA,"J01CR05",3.5268,NA,"","","VIAL",0.113526570048309
"456","Pivampicillin","Penicillins ","J01CA02","Access","No","Rifampicin","","100 mg/5 ml",NA,"SYRUP",NA,"PO","","","P",NA,0.6,NA,"g",NA,"J04AB02",0.1119,NA,"","","ML",0.194871794871795
"457","Pivampicillin","Penicillins ","J01CA02","Access","No","Rifampicin","","150 mg",NA,"TAB-CAP",NA,"PO","","","E",NA,0.6,NA,"g",NA,"J04AB02",0.0624,0.21,"","","TAB-CAP",0.194871794871795
"458","Pivampicillin","Penicillins ","J01CA02","Access","No","Rifampicin","","300 mg",NA,"TAB-CAP",NA,"PO","","","E",NA,0.6,NA,"g",NA,"J04AB02",0.0974,0.085,"","","TAB-CAP",0.194871794871795
"459","Pivmecillinam","Penicillins ","J01CA08","Access","No","Penicillamine","","250 mg",NA,"TAB-CAP",NA,"PO","","","C",NA,0.5,NA,"g",NA,"M01CC01",0.5329,NA,"","","TAB-CAP",0.193473193473193
"460","Ribostamycin","Aminoglycosides","J01GB10","Watch","No","Mitomycin","","5 mg",NA,"VIAL",NA,"INJ","","","N",NA,NA,NA,"",NA,"L01DC03",25,NA,"","","VIAL",0.189814814814815
"465","Rifampicin","Rifamycins","J04AB02","Watch","No","Rifampicin/Isoniazid","","150/75 mg",NA,"TAB-CAP",NA,"PO","","","E",NA,NA,NA,"",NA,"J04AM02",0.0572,0.0331,"","","TAB-CAP",0.166666666666667
"466","Rifampicin","Rifamycins","J04AB02","Watch","No","Rifampicin/Isoniazid","","150mg/150mg",NA,"TAB-CAP",NA,"PO","","","E",NA,NA,NA,"",NA,"J04AM02",NA,0.0349,"","","TAB-CAP",0.166666666666667
"467","Rifampicin","Rifamycins","J04AB02","Watch","No","Rifampicin/Isoniazid","","300/150 mg",NA,"TAB-CAP",NA,"PO","","","E",NA,2,NA,"TAB",NA,"J04AM02",0.0709,0.116,"","","TAB-CAP",0.166666666666667
"468","Rifampicin","Rifamycins","J04AB02","Watch","No","Rifampicin/Isoniazid","dispersible","60 mg/30 mg",NA,"TAB-CAP",NA,"PO","","","E",NA,NA,NA,"",NA,"J04AM02",NA,0.0158,"","","TAB-CAP",0.166666666666667
"469","Rifampicin","Rifamycins","J04AB02","Watch","No","Rifampicin/Isoniazid","dispersible","60 mg/60 mg",NA,"TAB-CAP",NA,"PO","","","E",NA,NA,NA,"",NA,"J04AM02",0.0443,NA,"","","TAB-CAP",0.166666666666667
"470","Rifamycin","Rifamycins","J04AB03","Watch","No","Clindamycin","","300 mg",NA,"TAB-CAP",NA,"PO","","","P",NA,1.2,NA,"g",NA,"J01FF01",0.0867,0.1,"","","TAB-CAP",0.195286195286195
"471","Rifamycin","Rifamycins","J04AB03","Watch","No","Rifampicin","","100 mg/5 ml",NA,"SYRUP",NA,"PO","","","P",NA,0.6,NA,"g",NA,"J04AB02",0.1119,NA,"","","ML",0.14537037037037
"472","Rifamycin","Rifamycins","J04AB03","Watch","No","Rifampicin","","150 mg",NA,"TAB-CAP",NA,"PO","","","E",NA,0.6,NA,"g",NA,"J04AB02",0.0624,0.21,"","","TAB-CAP",0.14537037037037
"473","Rifamycin","Rifamycins","J04AB03","Watch","No","Rifampicin","","300 mg",NA,"TAB-CAP",NA,"PO","","","E",NA,0.6,NA,"g",NA,"J04AB02",0.0974,0.085,"","","TAB-CAP",0.14537037037037
"474","Rifaximin","Rifamycins","A07AA11","Watch","No","Rifampicin","","100 mg/5 ml",NA,"SYRUP",NA,"PO","","","P",NA,0.6,NA,"g",NA,"J04AB02",0.1119,NA,"","","ML",0.14537037037037
"475","Rifaximin","Rifamycins","A07AA11","Watch","No","Rifampicin","","150 mg",NA,"TAB-CAP",NA,"PO","","","E",NA,0.6,NA,"g",NA,"J04AB02",0.0624,0.21,"","","TAB-CAP",0.14537037037037
"476","Rifaximin","Rifamycins","A07AA11","Watch","No","Rifampicin","","300 mg",NA,"TAB-CAP",NA,"PO","","","E",NA,0.6,NA,"g",NA,"J04AB02",0.0974,0.085,"","","TAB-CAP",0.14537037037037
"477","Rufloxacin","Fluoroquinolones","J01MA10","Watch","No","Ofloxacin","","0.30%",NA,"OPHT DROP",NA,"OPHT","","","E",NA,NA,NA,"",NA,"S01AX11",0.2039,NA,"","","ML",0.103703703703704
"478","Rufloxacin","Fluoroquinolones","J01MA10","Watch","No","Ofloxacin","","200 mg",NA,"TAB-CAP",NA,"PO","","","C",NA,0.4,NA,"g",NA,"J01MA01",NA,0.0497,"","","TAB-CAP",0.103703703703704
"479","Sparfloxacin","Fluoroquinolones","J01MA09","Watch","No","Ciprofloxacin","","0.30%",NA,"OPHT DROP",NA,"OPHT","","","P",NA,NA,NA,"",NA,"S01AX13",0.2891,0.072,"","","ML",0.182478632478632
"480","Sparfloxacin","Fluoroquinolones","J01MA09","Watch","No","Ciprofloxacin","","2 mg/ml",NA,"VIAL",NA,"INJ","","","P",NA,0.5,NA,"g",NA,"J01MA02",0.0025,0.01,"","","ML",0.182478632478632
"481","Sparfloxacin","Fluoroquinolones","J01MA09","Watch","No","Ciprofloxacin","","250 mg",NA,"TAB-CAP",NA,"PO","","","E",NA,1,NA,"g",NA,"J01MA02",0.026,0.0212,"","","TAB-CAP",0.182478632478632
"482","Sparfloxacin","Fluoroquinolones","J01MA09","Watch","No","Ciprofloxacin","","250 mg/5 ml",NA,"SUSPEN",NA,"PO","","","E",NA,1,NA,"g",NA,"J01MA02",0.1282,NA,"","","ML",0.182478632478632
"483","Sparfloxacin","Fluoroquinolones","J01MA09","Watch","No","Ciprofloxacin","","5 mcg",NA,"DISC",NA,"DIAG","","","N",NA,NA,NA,"",NA,"V07AR",0.0173,0.0859,"","","EACH",0.182478632478632
"484","Sparfloxacin","Fluoroquinolones","J01MA09","Watch","No","Ciprofloxacin","","500 mg",NA,"TAB-CAP",NA,"PO","","","P",NA,1,NA,"g",NA,"J01MA02",0.0269,0.0373,"","","TAB-CAP",0.182478632478632
"485","Sparfloxacin","Fluoroquinolones","J01MA09","Watch","No","Norfloxacin","","400 mg",NA,"TAB-CAP",NA,"PO","","","T",NA,0.8,NA,"g",NA,"J01MA06",NA,0.0258,"","","TAB-CAP",0.199494949494949
"486","Spectinomycin","Aminocyclitols","J01XX04","Access","Yes","Dactinomycin","","500 mcg",NA,"VIAL",NA,"INJ","","","C",NA,NA,NA,"",NA,"L01DA01",8.7021,NA,"","","VIAL",0.132478632478632
"488","Streptomycin","Aminoglycosides","J01GA01","Watch","No","Capreomycin","","1 g",NA,"VIAL",NA,"INJ","","","C",NA,1,NA,"g",NA,"J04AB30",5.3293,4.7,"","","VIAL",0.199494949494949
"489","Streptomycin","Aminoglycosides","J01GA01","Watch","No","Streptokinase","powder","1,500,000 IU",NA,"VIAL",NA,"INJ","","","C",NA,1.5,NA,"MU",NA,"B01AD01",38.5596,NA,"","","VIAL",0.185897435897436
"490","Streptomycin","Aminoglycosides","J01GA01","Watch","No","Streptomycin Sulfate","","1 g",NA,"VIAL",NA,"INJ","","","E",NA,1,NA,"g",NA,"J01GA01",0.2916,0.3514,"","","VIAL",0.133333333333333
"491","Streptomycin","Aminoglycosides","J01GA01","Watch","No","Streptomycin Sulfate","","5 g",NA,"VIAL",NA,"INJ","","","P",NA,1,NA,"g",NA,"J01GA01",1.8384,NA,"","","VIAL",0.133333333333333
"492","Sulfadiazine/trimethoprim","Trimethoprim - sulfonamide combinations","J01EE02","Access","No","Sulfadiazine","","500 mg",NA,"TAB-CAP",NA,"PO","","","E",NA,0.6,NA,"g",NA,"J01EC02",0.18,0.0537,"","","TAB-CAP",0.173333333333333
"493","Sulfamethizole/trimethoprim","Trimethoprim - sulfonamide combinations","J01EB02","Access","No","Sulfamethoxazole/Trimethoprim","co-trimoxazole","100 mg/20 mg",NA,"TAB-CAP",NA,"PO","","","E",NA,NA,NA,"",NA,"J01EE01",NA,0.0049,"","","TAB-CAP",0.130668369518944
"494","Sulfamethizole/trimethoprim","Trimethoprim - sulfonamide combinations","J01EB02","Access","No","Sulfamethoxazole/Trimethoprim","dispersible","100 mg/20 mg",NA,"TAB-CAP",NA,"PO","","","E",NA,NA,NA,"",NA,"J01EE01",NA,0.0087,"","","TAB-CAP",0.130668369518944
"495","Sulfamethizole/trimethoprim","Trimethoprim - sulfonamide combinations","J01EB02","Access","No","Sulfamethoxazole/Trimethoprim","co-trimoxazole","200 mg/40 mg",NA,"TAB-CAP",NA,"PO","","","P",NA,NA,NA,"",NA,"J01EE01",NA,0.0117,"","","TAB-CAP",0.130668369518944
"496","Sulfamethizole/trimethoprim","Trimethoprim - sulfonamide combinations","J01EB02","Access","No","Sulfamethoxazole/Trimethoprim","co-trimoxazole","200/40mg/5ml",NA,"SUSPEN",NA,"PO","","","E",NA,NA,NA,"",NA,"J01EE01",0.0042,0.0048,"","","ML",0.130668369518944
"497","Sulfamethizole/trimethoprim","Trimethoprim - sulfonamide combinations","J01EB02","Access","No","Sulfamethoxazole/Trimethoprim","co-trimoxazole","25 mcg",NA,"DISC",NA,"DIAG","","","N",NA,NA,NA,"",NA,"V07AR",NA,0.0934,"","","EACH",0.130668369518944
"498","Sulfamethizole/trimethoprim","Trimethoprim - sulfonamide combinations","J01EB02","Access","No","Sulfamethoxazole/Trimethoprim","co-trimoxazole","400 mg/80 mg",NA,"TAB-CAP",NA,"PO","","","E",NA,NA,NA,"",NA,"J01EE01",0.0116,0.012,"","","TAB-CAP",0.130668369518944
"499","Sulfamethizole/trimethoprim","Trimethoprim - sulfonamide combinations","J01EB02","Access","No","Sulfamethoxazole/Trimethoprim","co-trimoxazole","80/16 mg/ml",NA,"AMPOULE",NA,"INJ","","","E",NA,NA,NA,"",NA,"J01EE01",NA,0.3825,"","","ML",0.130668369518944
"500","Sulfamethizole/trimethoprim","Trimethoprim - sulfonamide combinations","J01EB02","Access","No","Sulfamethoxazole/Trimethoprim","co-trimoxazole","800 mg/160mg",NA,"TAB-CAP",NA,"PO","","","P",NA,NA,NA,"",NA,"J01EE01",0.0314,0.0241,"","","TAB-CAP",0.130668369518944
"501","Sulfamethoxazole/trimethoprim","Trimethoprim - sulfonamide combinations","J01EE01","Access","Yes","Sulfamethoxazole/Trimethoprim","co-trimoxazole","100 mg/20 mg",NA,"TAB-CAP",NA,"PO","","","E",NA,NA,NA,"",NA,"J01EE01",NA,0.0049,"","","TAB-CAP",0.0527504105090312
"502","Sulfamethoxazole/trimethoprim","Trimethoprim - sulfonamide combinations","J01EE01","Access","Yes","Sulfamethoxazole/Trimethoprim","dispersible","100 mg/20 mg",NA,"TAB-CAP",NA,"PO","","","E",NA,NA,NA,"",NA,"J01EE01",NA,0.0087,"","","TAB-CAP",0.0527504105090312
"503","Sulfamethoxazole/trimethoprim","Trimethoprim - sulfonamide combinations","J01EE01","Access","Yes","Sulfamethoxazole/Trimethoprim","co-trimoxazole","200 mg/40 mg",NA,"TAB-CAP",NA,"PO","","","P",NA,NA,NA,"",NA,"J01EE01",NA,0.0117,"","","TAB-CAP",0.0527504105090312
"504","Sulfamethoxazole/trimethoprim","Trimethoprim - sulfonamide combinations","J01EE01","Access","Yes","Sulfamethoxazole/Trimethoprim","co-trimoxazole","200/40mg/5ml",NA,"SUSPEN",NA,"PO","","","E",NA,NA,NA,"",NA,"J01EE01",0.0042,0.0048,"","","ML",0.0527504105090312
"505","Sulfamethoxazole/trimethoprim","Trimethoprim - sulfonamide combinations","J01EE01","Access","Yes","Sulfamethoxazole/Trimethoprim","co-trimoxazole","25 mcg",NA,"DISC",NA,"DIAG","","","N",NA,NA,NA,"",NA,"V07AR",NA,0.0934,"","","EACH",0.0527504105090312
"506","Sulfamethoxazole/trimethoprim","Trimethoprim - sulfonamide combinations","J01EE01","Access","Yes","Sulfamethoxazole/Trimethoprim","co-trimoxazole","400 mg/80 mg",NA,"TAB-CAP",NA,"PO","","","E",NA,NA,NA,"",NA,"J01EE01",0.0116,0.012,"","","TAB-CAP",0.0527504105090312
"507","Sulfamethoxazole/trimethoprim","Trimethoprim - sulfonamide combinations","J01EE01","Access","Yes","Sulfamethoxazole/Trimethoprim","co-trimoxazole","80/16 mg/ml",NA,"AMPOULE",NA,"INJ","","","E",NA,NA,NA,"",NA,"J01EE01",NA,0.3825,"","","ML",0.0527504105090312
"508","Sulfamethoxazole/trimethoprim","Trimethoprim - sulfonamide combinations","J01EE01","Access","Yes","Sulfamethoxazole/Trimethoprim","co-trimoxazole","800 mg/160mg",NA,"TAB-CAP",NA,"PO","","","P",NA,NA,NA,"",NA,"J01EE01",0.0314,0.0241,"","","TAB-CAP",0.0527504105090312
"509","Sulfametrole/trimethoprim","Trimethoprim - sulfonamide combinations","J01EE03","Access","No","Sulfamethoxazole/Trimethoprim","co-trimoxazole","100 mg/20 mg",NA,"TAB-CAP",NA,"PO","","","E",NA,NA,NA,"",NA,"J01EE01",NA,0.0049,"","","TAB-CAP",0.1536031984008
"510","Sulfametrole/trimethoprim","Trimethoprim - sulfonamide combinations","J01EE03","Access","No","Sulfamethoxazole/Trimethoprim","dispersible","100 mg/20 mg",NA,"TAB-CAP",NA,"PO","","","E",NA,NA,NA,"",NA,"J01EE01",NA,0.0087,"","","TAB-CAP",0.1536031984008
"511","Sulfametrole/trimethoprim","Trimethoprim - sulfonamide combinations","J01EE03","Access","No","Sulfamethoxazole/Trimethoprim","co-trimoxazole","200 mg/40 mg",NA,"TAB-CAP",NA,"PO","","","P",NA,NA,NA,"",NA,"J01EE01",NA,0.0117,"","","TAB-CAP",0.1536031984008
"512","Sulfametrole/trimethoprim","Trimethoprim - sulfonamide combinations","J01EE03","Access","No","Sulfamethoxazole/Trimethoprim","co-trimoxazole","200/40mg/5ml",NA,"SUSPEN",NA,"PO","","","E",NA,NA,NA,"",NA,"J01EE01",0.0042,0.0048,"","","ML",0.1536031984008
"513","Sulfametrole/trimethoprim","Trimethoprim - sulfonamide combinations","J01EE03","Access","No","Sulfamethoxazole/Trimethoprim","co-trimoxazole","25 mcg",NA,"DISC",NA,"DIAG","","","N",NA,NA,NA,"",NA,"V07AR",NA,0.0934,"","","EACH",0.1536031984008
"514","Sulfametrole/trimethoprim","Trimethoprim - sulfonamide combinations","J01EE03","Access","No","Sulfamethoxazole/Trimethoprim","co-trimoxazole","400 mg/80 mg",NA,"TAB-CAP",NA,"PO","","","E",NA,NA,NA,"",NA,"J01EE01",0.0116,0.012,"","","TAB-CAP",0.1536031984008
"515","Sulfametrole/trimethoprim","Trimethoprim - sulfonamide combinations","J01EE03","Access","No","Sulfamethoxazole/Trimethoprim","co-trimoxazole","80/16 mg/ml",NA,"AMPOULE",NA,"INJ","","","E",NA,NA,NA,"",NA,"J01EE01",NA,0.3825,"","","ML",0.1536031984008
"516","Sulfametrole/trimethoprim","Trimethoprim - sulfonamide combinations","J01EE03","Access","No","Sulfamethoxazole/Trimethoprim","co-trimoxazole","800 mg/160mg",NA,"TAB-CAP",NA,"PO","","","P",NA,NA,NA,"",NA,"J01EE01",0.0314,0.0241,"","","TAB-CAP",0.1536031984008
"517","Sulfamoxole/trimethoprim","Trimethoprim - sulfonamide combinations","J01EE04","Access","No","Sulfamethoxazole/Trimethoprim","co-trimoxazole","100 mg/20 mg",NA,"TAB-CAP",NA,"PO","","","E",NA,NA,NA,"",NA,"J01EE01",NA,0.0049,"","","TAB-CAP",0.147749042145594
"518","Sulfamoxole/trimethoprim","Trimethoprim - sulfonamide combinations","J01EE04","Access","No","Sulfamethoxazole/Trimethoprim","dispersible","100 mg/20 mg",NA,"TAB-CAP",NA,"PO","","","E",NA,NA,NA,"",NA,"J01EE01",NA,0.0087,"","","TAB-CAP",0.147749042145594
"519","Sulfamoxole/trimethoprim","Trimethoprim - sulfonamide combinations","J01EE04","Access","No","Sulfamethoxazole/Trimethoprim","co-trimoxazole","200 mg/40 mg",NA,"TAB-CAP",NA,"PO","","","P",NA,NA,NA,"",NA,"J01EE01",NA,0.0117,"","","TAB-CAP",0.147749042145594
"520","Sulfamoxole/trimethoprim","Trimethoprim - sulfonamide combinations","J01EE04","Access","No","Sulfamethoxazole/Trimethoprim","co-trimoxazole","200/40mg/5ml",NA,"SUSPEN",NA,"PO","","","E",NA,NA,NA,"",NA,"J01EE01",0.0042,0.0048,"","","ML",0.147749042145594
"521","Sulfamoxole/trimethoprim","Trimethoprim - sulfonamide combinations","J01EE04","Access","No","Sulfamethoxazole/Trimethoprim","co-trimoxazole","25 mcg",NA,"DISC",NA,"DIAG","","","N",NA,NA,NA,"",NA,"V07AR",NA,0.0934,"","","EACH",0.147749042145594
"522","Sulfamoxole/trimethoprim","Trimethoprim - sulfonamide combinations","J01EE04","Access","No","Sulfamethoxazole/Trimethoprim","co-trimoxazole","400 mg/80 mg",NA,"TAB-CAP",NA,"PO","","","E",NA,NA,NA,"",NA,"J01EE01",0.0116,0.012,"","","TAB-CAP",0.147749042145594
"523","Sulfamoxole/trimethoprim","Trimethoprim - sulfonamide combinations","J01EE04","Access","No","Sulfamethoxazole/Trimethoprim","co-trimoxazole","80/16 mg/ml",NA,"AMPOULE",NA,"INJ","","","E",NA,NA,NA,"",NA,"J01EE01",NA,0.3825,"","","ML",0.147749042145594
"524","Sulfamoxole/trimethoprim","Trimethoprim - sulfonamide combinations","J01EE04","Access","No","Sulfamethoxazole/Trimethoprim","co-trimoxazole","800 mg/160mg",NA,"TAB-CAP",NA,"PO","","","P",NA,NA,NA,"",NA,"J01EE01",0.0314,0.0241,"","","TAB-CAP",0.147749042145594
"525","Tedizolid","Oxazolidinones","J01XX11","Reserve","No","Linezolid","","2 mg/ml",NA,"VIAL",NA,"INJ","","","C",NA,1.2,NA,"g",NA,"J01XX08",0.7943,NA,"","","ML",0.195767195767196
"526","Tedizolid","Oxazolidinones","J01XX11","Reserve","No","Linezolid","","600 mg",NA,"TAB-CAP",NA,"PO","","","C",NA,1.2,NA,"g",NA,"J01XX08",NA,5.48,"","","TAB-CAP",0.195767195767196
"527","Telithromycin","Macrolides","J01FA15","Watch","No","Azithromycin","","200 mg/5 ml",NA,"SUSPEN",NA,"PO","","","E",NA,0.3,NA,"g",NA,"J01FA10",0.0314,0.06,"","","ML",0.132478632478632
"528","Telithromycin","Macrolides","J01FA15","Watch","No","Azithromycin","","250 mg",NA,"TAB-CAP",NA,"PO","","","E",NA,0.3,NA,"g",NA,"J01FA10",0.198,0.117,"","","TAB-CAP",0.132478632478632
"529","Telithromycin","Macrolides","J01FA15","Watch","No","Azithromycin","","500 mg",NA,"TAB-CAP",NA,"PO","","","E",NA,0.3,NA,"g",NA,"J01FA10",0.1855,0.2267,"","","TAB-CAP",0.132478632478632
"530","Telithromycin","Macrolides","J01FA15","Watch","No","Clarithromycin","","125 mg/5 ml",NA,"SUSPEN",NA,"PO","","","N",NA,0.5,NA,"g",NA,"J01FA09",NA,0.0383,"","","ML",0.183316683316683
"531","Telithromycin","Macrolides","J01FA15","Watch","No","Clarithromycin","","250 mg",NA,"TAB-CAP",NA,"PO","","","N",NA,0.5,NA,"g",NA,"J01FA09",0.0375,0.1429,"","","TAB-CAP",0.183316683316683
"532","Telithromycin","Macrolides","J01FA15","Watch","No","Clarithromycin","","250 mg/5 ml",NA,"SUSPEN",NA,"PO","","","N",NA,0.5,NA,"g",NA,"J01FA09",0.0547,NA,"","","ML",0.183316683316683
"533","Telithromycin","Macrolides","J01FA15","Watch","No","Clarithromycin","","500 mg",NA,"TAB-CAP",NA,"PO","","","N",NA,0.5,NA,"g",NA,"J01FA09",0.1393,0.255,"","","TAB-CAP",0.183316683316683
"534","Telithromycin","Macrolides","J01FA15","Watch","No","Mitomycin","","5 mg",NA,"VIAL",NA,"INJ","","","N",NA,NA,NA,"",NA,"L01DC03",25,NA,"","","VIAL",0.165242165242165
"535","Tetracycline","Tetracyclines","J01AA07","Access","No","Oxytetracycline","","3%",NA,"OPHT OINT",NA,"OPHT","","","N",NA,NA,NA,"",NA,"S01AA04",NA,0.0451,"","","G",0.192424242424242
"536","Tetracycline","Tetracyclines","J01AA07","Access","No","Tetracaine","","0.50%",NA,"OPHT DROP",NA,"OPHT","","","E",NA,NA,NA,"",NA,"S01HA03",NA,0.1413,"","","ML",0.116666666666667
"539","Tetracycline","Tetracyclines","J01AA07","Access","No","Tetracycline HCl","","1%",NA,"OPHT OINT",NA,"OPHT","","","E",NA,NA,NA,"",NA,"S01AA09",0.1294,0.0457,"","","G",0.0833333333333334
"540","Tetracycline","Tetracyclines","J01AA07","Access","No","Tetracycline HCl","","1%",NA,"OINTMENT",NA,"TOP","","","P",NA,NA,NA,"",NA,"D06AA04",NA,0.0512,"","","G",0.0833333333333334
"541","Tetracycline","Tetracyclines","J01AA07","Access","No","Tetracycline HCl","","250 mg",NA,"TAB-CAP",NA,"PO","","","P",NA,1,NA,"g",NA,"J01AA07",0.0222,0.015,"","","TAB-CAP",0.0833333333333334
"542","Thiamphenicol","Amphenicols","J01BA02","Access","No","Chloramphenicol","","0.50%",NA,"OPHT DROP",NA,"OPHT","","","P",NA,NA,NA,"",NA,"S01AA01",0.0555,0.065,"","","ML",0.14017094017094
"543","Thiamphenicol","Amphenicols","J01BA02","Access","No","Chloramphenicol","base","1 g",NA,"VIAL",NA,"INJ","","","E",NA,3,NA,"g",NA,"J01BA01",0.5846,0.4661,"","","VIAL",0.14017094017094
"544","Thiamphenicol","Amphenicols","J01BA02","Access","No","Chloramphenicol","","1%",NA,"OPHT OINT",NA,"OPHT","","","P",NA,NA,NA,"",NA,"S01AA01",0.1574,0.0457,"","","G",0.14017094017094
"545","Thiamphenicol","Amphenicols","J01BA02","Access","No","Chloramphenicol","","10 mcg",NA,"DISC",NA,"DIAG","","","N",NA,NA,NA,"",NA,"V07AR",NA,0.0695,"","","EACH",0.14017094017094
"546","Thiamphenicol","Amphenicols","J01BA02","Access","No","Chloramphenicol","","125 mg/5 ml",NA,"SUSPEN",NA,"PO","","","P",NA,3,NA,"g",NA,"J01BA01",NA,0.0078,"","","ML",0.14017094017094
"547","Thiamphenicol","Amphenicols","J01BA02","Access","No","Chloramphenicol","","250 mg",NA,"TAB-CAP",NA,"PO","","","E",NA,3,NA,"g",NA,"J01BA01",0.09,0.0264,"","","TAB-CAP",0.14017094017094
"548","Thiamphenicol","Amphenicols","J01BA02","Access","No","Chloramphenicol","","30 mcg",NA,"DISC",NA,"DIAG","","","N",NA,NA,NA,"",NA,"V07AR",0.0173,NA,"","","EACH",0.14017094017094
"549","Thiamphenicol","Amphenicols","J01BA02","Access","No","Chloramphenicol","","5%",NA,"OTIC DROP",NA,"OTIC","","","P",NA,NA,NA,"",NA,"S02AA01",0.1417,0.044,"","","ML",0.14017094017094
"550","Thiamphenicol","Amphenicols","J01BA02","Access","No","Chloramphenicol","","500 mg",NA,"TAB-CAP",NA,"PO","","","P",NA,3,NA,"g",NA,"J01BA01",0.0666,NA,"","","TAB-CAP",0.14017094017094
"551","Tigecycline","Glycylcyclines","J01AA12","Reserve","No","Tetracycline","","10 mcg",NA,"DISC",NA,"DIAG","","","N",NA,NA,NA,"",NA,"V07AR",NA,0.0883,"","","EACH",0.143939393939394
"552","Tigecycline","Glycylcyclines","J01AA12","Reserve","No","Tetracycline","","3%",NA,"OINTMENT",NA,"TOP","","","P",NA,NA,NA,"",NA,"D06AA04",0.0137,0.0416,"","","G",0.143939393939394
"553","Tobramycin","Aminoglycosides","J01GB01","Watch","No","Capreomycin","","1 g",NA,"VIAL",NA,"INJ","","","C",NA,1,NA,"g",NA,"J04AB30",5.3293,4.7,"","","VIAL",0.199242424242424
"554","Tosufloxacin","Fluoroquinolones","J01MA22","Watch","No","Ciprofloxacin","","0.30%",NA,"OPHT DROP",NA,"OPHT","","","P",NA,NA,NA,"",NA,"S01AX13",0.2891,0.072,"","","ML",0.185897435897436
"555","Tosufloxacin","Fluoroquinolones","J01MA22","Watch","No","Ciprofloxacin","","2 mg/ml",NA,"VIAL",NA,"INJ","","","P",NA,0.5,NA,"g",NA,"J01MA02",0.0025,0.01,"","","ML",0.185897435897436
"556","Tosufloxacin","Fluoroquinolones","J01MA22","Watch","No","Ciprofloxacin","","250 mg",NA,"TAB-CAP",NA,"PO","","","E",NA,1,NA,"g",NA,"J01MA02",0.026,0.0212,"","","TAB-CAP",0.185897435897436
"557","Tosufloxacin","Fluoroquinolones","J01MA22","Watch","No","Ciprofloxacin","","250 mg/5 ml",NA,"SUSPEN",NA,"PO","","","E",NA,1,NA,"g",NA,"J01MA02",0.1282,NA,"","","ML",0.185897435897436
"558","Tosufloxacin","Fluoroquinolones","J01MA22","Watch","No","Ciprofloxacin","","5 mcg",NA,"DISC",NA,"DIAG","","","N",NA,NA,NA,"",NA,"V07AR",0.0173,0.0859,"","","EACH",0.185897435897436
"559","Tosufloxacin","Fluoroquinolones","J01MA22","Watch","No","Ciprofloxacin","","500 mg",NA,"TAB-CAP",NA,"PO","","","P",NA,1,NA,"g",NA,"J01MA02",0.0269,0.0373,"","","TAB-CAP",0.185897435897436
"560","Tosufloxacin","Fluoroquinolones","J01MA22","Watch","No","Levofloxacin","","250 mg",NA,"TAB-CAP",NA,"PO","","","T",NA,0.5,NA,"g",NA,"J01MA12",0.1395,0.0593,"","","TAB-CAP",0.166666666666667
"561","Tosufloxacin","Fluoroquinolones","J01MA22","Watch","No","Levofloxacin","","5 mg/ml",NA,"VIAL",NA,"INJ","","","T",NA,0.5,NA,"g",NA,"J01MA12",0.0071,0.0171,"","","ML",0.166666666666667
"562","Tosufloxacin","Fluoroquinolones","J01MA22","Watch","No","Levofloxacin","","500 mg",NA,"TAB-CAP",NA,"PO","","","C",NA,0.5,NA,"g",NA,"J01MA12",0.0677,0.122,"","","TAB-CAP",0.166666666666667
"563","Tosufloxacin","Fluoroquinolones","J01MA22","Watch","No","Levofloxacin","","750 mg",NA,"TAB-CAP",NA,"PO","","","C",NA,0.5,NA,"g",NA,"J01MA12",NA,0.4728,"","","TAB-CAP",0.166666666666667
"564","Tosufloxacin","Fluoroquinolones","J01MA22","Watch","No","Norfloxacin","","400 mg",NA,"TAB-CAP",NA,"PO","","","T",NA,0.8,NA,"g",NA,"J01MA06",NA,0.0258,"","","TAB-CAP",0.143939393939394
"565","Vancomycin (IV)","Glycopeptides","J01XA01","Watch ","Yes","Vancomycin","","30 mcg",NA,"DISC",NA,"DIAG","","","N",NA,NA,NA,"",NA,"V07AR",0.0173,NA,"","","EACH",0.111111111111111
"566","Vancomycin (IV)","Glycopeptides","J01XA01","Watch ","Yes","Vancomycin","","500 mg",NA,"VIAL",NA,"INJ","","","N",NA,2,NA,"g",NA,"J01XA01",1.907,NA,"","","VIAL",0.111111111111111
"567","Vancomycin (oral)","Glycopeptides","A07AA09","Watch ","Yes","Vancomycin","","30 mcg",NA,"DISC",NA,"DIAG","","","N",NA,NA,NA,"",NA,"V07AR",0.0173,NA,"","","EACH",0.137254901960784
"568","Vancomycin (oral)","Glycopeptides","A07AA09","Watch ","Yes","Vancomycin","","500 mg",NA,"VIAL",NA,"INJ","","","N",NA,2,NA,"g",NA,"J01XA01",1.907,NA,"","","VIAL",0.137254901960784
